incident_id,timestamp,area,lat,lng,hour,day_of_week,incident_type,severity,weapon_involved,reported_to_police,source
INC-0712,2024-12-01 12:26:00,Saddar,24.85984,67.026281,12,Sunday,pickpocketing,LOW,no,yes,community_report
INC-1075,2024-12-01 13:34:00,Sohrab Goth,24.956927,67.075619,13,Sunday,mugging,HIGH,no,no,community_report
INC-1722,2024-12-02 08:02:00,Nagan Chowrangi,24.943759,67.084549,8,Monday,phone_snatching,LOW,no,no,community_report
INC-0610,2024-12-02 20:06:00,SITE Industrial Area,24.930953,66.998431,20,Monday,robbery,HIGH,no,no,community_report
INC-1841,2024-12-02 23:45:00,Malir Cantonment,24.874042,67.205933,23,Monday,mugging,LOW,no,yes,community_report
INC-1120,2024-12-03 00:25:00,Sohrab Goth,24.956471,67.07933,0,Tuesday,vehicle_theft,HIGH,no,no,community_report
INC-0363,2024-12-03 13:48:00,Liaquatabad,24.906314,67.032916,13,Tuesday,mugging,HIGH,no,no,community_report
INC-0600,2024-12-03 14:30:00,SITE Industrial Area,24.930307,67.001515,14,Tuesday,vehicle_theft,MEDIUM,no,no,community_report
INC-1275,2024-12-03 19:46:00,Nazimabad,24.919986,67.035713,19,Tuesday,mugging,LOW,no,no,community_report
INC-1712,2024-12-03 21:29:00,Nagan Chowrangi,24.944608,67.083066,21,Tuesday,signal_robbery,MEDIUM,no,yes,community_report
INC-0500,2024-12-03 22:15:00,Korangi,24.826805,67.13715,22,Tuesday,mugging,HIGH,no,yes,community_report
INC-0113,2024-12-03 22:45:00,Orangi Town,24.96208,67.017745,22,Tuesday,phone_snatching,MEDIUM,no,no,community_report
INC-0431,2024-12-04 00:04:00,Landhi,24.848636,67.36208,0,Wednesday,mugging,HIGH,no,no,community_report
INC-1261,2024-12-04 21:07:00,Garden West,24.87808,67.018469,21,Wednesday,mugging,LOW,no,no,community_report
INC-0082,2024-12-05 09:48:00,Lyari,24.870023,67.012607,9,Thursday,robbery,HIGH,no,yes,community_report
INC-1665,2024-12-05 19:08:00,Guru Mandir,24.869181,67.018991,19,Thursday,phone_snatching,LOW,no,no,community_report
INC-1762,2024-12-05 19:37:00,Soldier Bazaar,24.885732,67.028797,19,Thursday,robbery,MEDIUM,yes,no,community_report
INC-0892,2024-12-05 20:13:00,Hassan Square,24.89525,67.070572,20,Thursday,mugging,HIGH,no,no,community_report
INC-1040,2024-12-05 21:30:00,Gulshan-e-Iqbal,24.927133,67.135729,21,Thursday,signal_robbery,MEDIUM,no,no,community_report
INC-0461,2024-12-05 22:12:00,Landhi,24.848285,67.36158,22,Thursday,vehicle_theft,HIGH,no,yes,community_report
INC-1018,2024-12-05 22:19:00,Gulshan-e-Iqbal,24.932715,67.135294,22,Thursday,phone_snatching,LOW,no,no,community_report
INC-1515,2024-12-06 22:14:00,Clifton,24.824976,67.036885,22,Friday,phone_snatching,LOW,no,no,community_report
INC-0951,2024-12-06 22:38:00,North Nazimabad,24.947468,67.053712,22,Friday,mugging,MEDIUM,no,yes,community_report
INC-1611,2024-12-06 22:53:00,Zamzama,24.828515,67.076262,22,Friday,phone_snatching,LOW,no,yes,community_report
INC-1502,2024-12-07 23:01:00,Clifton,24.820084,67.032515,23,Saturday,phone_snatching,MEDIUM,no,no,community_report
INC-1496,2024-12-07 23:46:00,Clifton,24.82487,67.037215,23,Saturday,phone_snatching,LOW,no,yes,community_report
INC-1617,2024-12-08 19:23:00,Guru Mandir,24.868489,67.016058,19,Sunday,mugging,HIGH,no,no,community_report
INC-1209,2024-12-08 21:31:00,Garden West,24.87923,67.022714,21,Sunday,phone_snatching,LOW,no,yes,community_report
INC-0547,2024-12-08 21:49:00,Korangi,24.822539,67.142583,21,Sunday,mugging,HIGH,no,no,community_report
INC-0804,2024-12-08 22:06:00,Teen Talwar,24.826578,67.030803,22,Sunday,phone_snatching,MEDIUM,no,no,community_report
INC-0073,2024-12-08 22:46:00,Lyari,24.872284,67.011608,22,Sunday,robbery,HIGH,yes,no,community_report
INC-0131,2024-12-09 21:14:00,Orangi Town,24.966241,67.022077,21,Monday,phone_snatching,HIGH,no,no,community_report
INC-1167,2024-12-09 22:45:00,Superhighway,24.977996,67.149342,22,Monday,carjacking,MEDIUM,no,no,community_report
INC-0661,2024-12-10 08:30:00,Malir,24.896772,67.228718,8,Tuesday,vehicle_theft,MEDIUM,no,yes,community_report
INC-0989,2024-12-11 18:36:00,North Nazimabad,24.950267,67.054886,18,Wednesday,signal_robbery,HIGH,yes,no,community_report
INC-0581,2024-12-11 20:02:00,SITE Industrial Area,24.930185,67.000686,20,Wednesday,vehicle_theft,HIGH,no,yes,community_report
INC-0099,2024-12-11 21:09:00,Orangi Town,24.964779,67.022959,21,Wednesday,phone_snatching,HIGH,no,no,community_report
INC-1013,2024-12-12 20:25:00,Gulshan-e-Iqbal,24.930778,67.137116,20,Thursday,signal_robbery,HIGH,no,no,community_report
INC-1184,2024-12-12 23:09:00,Superhighway,24.981453,67.149682,23,Thursday,vehicle_theft,LOW,no,no,community_report
INC-0064,2024-12-12 23:12:00,Lyari,24.87123,67.014289,23,Thursday,robbery,MEDIUM,yes,yes,community_report
INC-0483,2024-12-12 23:52:00,Landhi,24.852242,67.357793,23,Thursday,vehicle_theft,MEDIUM,no,no,community_report
INC-1576,2024-12-13 23:10:00,DHA Phase 5,24.81012,67.087786,23,Friday,mugging,MEDIUM,no,no,community_report
INC-1091,2024-12-13 23:52:00,Sohrab Goth,24.957107,67.077429,23,Friday,vehicle_theft,LOW,no,no,community_report
INC-0700,2024-12-14 19:54:00,Malir,24.898883,67.231236,19,Saturday,phone_snatching,MEDIUM,no,no,community_report
INC-0937,2024-12-14 22:35:00,North Nazimabad,24.948874,67.052252,22,Saturday,phone_snatching,LOW,no,yes,community_report
INC-1738,2024-12-14 22:56:00,Nagan Chowrangi,24.942555,67.087849,22,Saturday,mugging,MEDIUM,no,no,community_report
INC-1545,2024-12-15 23:47:00,DHA Phase 1,24.80317,67.05885,23,Sunday,phone_snatching,MEDIUM,no,yes,community_report
INC-1186,2024-12-16 00:27:00,Superhighway,24.979012,67.147573,0,Monday,robbery,HIGH,no,yes,community_report
INC-0677,2024-12-16 20:27:00,Malir,24.898221,67.227621,20,Monday,mugging,MEDIUM,no,no,community_report
INC-0046,2024-12-16 20:51:00,Lyari,24.871019,67.009642,20,Monday,robbery,HIGH,no,yes,community_report
INC-0063,2024-12-17 11:21:00,Lyari,24.87375,67.012349,11,Tuesday,phone_snatching,MEDIUM,no,no,community_report
INC-1098,2024-12-17 17:18:00,Sohrab Goth,24.957112,67.076655,17,Tuesday,vehicle_theft,MEDIUM,no,no,community_report
INC-0682,2024-12-17 21:43:00,Malir,24.89441,67.232204,21,Tuesday,phone_snatching,MEDIUM,no,no,community_report
INC-1474,2024-12-17 21:45:00,PECHS,24.876691,67.080433,21,Tuesday,phone_snatching,MEDIUM,no,no,community_report
INC-0058,2024-12-17 22:21:00,Lyari,24.875177,67.010206,22,Tuesday,robbery,HIGH,yes,no,community_report
INC-0549,2024-12-17 22:31:00,Korangi,24.824613,67.138673,22,Tuesday,robbery,HIGH,yes,no,community_report
INC-0278,2024-12-18 08:52:00,Baloch Colony,24.863004,67.072618,8,Wednesday,signal_robbery,MEDIUM,yes,no,community_report
INC-0614,2024-12-18 17:39:00,SITE Industrial Area,24.928387,67.000378,17,Wednesday,robbery,MEDIUM,no,yes,community_report
INC-0741,2024-12-18 22:46:00,Saddar,24.864098,67.030328,22,Wednesday,phone_snatching,HIGH,no,no,community_report
INC-0226,2024-12-19 16:47:00,Keamari,24.846105,66.991189,16,Thursday,robbery,LOW,no,no,community_report
INC-0537,2024-12-19 21:08:00,Korangi,24.823774,67.142015,21,Thursday,phone_snatching,MEDIUM,no,no,community_report
INC-1450,2024-12-19 22:10:00,PECHS,24.873749,67.077022,22,Thursday,vehicle_theft,HIGH,no,yes,community_report
INC-0557,2024-12-19 23:38:00,Korangi,24.827976,67.13833,23,Thursday,phone_snatching,LOW,no,yes,community_report
INC-1540,2024-12-19 23:44:00,DHA Phase 1,24.804198,67.062646,23,Thursday,phone_snatching,LOW,no,no,community_report
INC-0383,2024-12-20 18:03:00,Liaquatabad,24.904586,67.036969,18,Friday,phone_snatching,LOW,no,no,community_report
INC-0881,2024-12-20 20:20:00,Hassan Square,24.900532,67.07286,20,Friday,signal_robbery,HIGH,no,no,community_report
INC-0368,2024-12-20 20:38:00,Liaquatabad,24.903972,67.034264,20,Friday,mugging,HIGH,no,no,community_report
INC-0212,2024-12-20 21:35:00,Keamari,24.844887,66.992471,21,Friday,mugging,HIGH,no,yes,community_report
INC-0005,2024-12-20 21:48:00,Lyari,24.875226,67.010553,21,Friday,robbery,MEDIUM,no,no,community_report
INC-1763,2024-12-20 21:58:00,Soldier Bazaar,24.884047,67.02895,21,Friday,phone_snatching,HIGH,no,no,community_report
INC-0852,2024-12-20 22:44:00,Teen Talwar,24.830704,67.034207,22,Friday,phone_snatching,MEDIUM,no,no,community_report
INC-0241,2024-12-20 22:54:00,Keamari,24.845259,66.98729,22,Friday,robbery,HIGH,yes,yes,community_report
INC-1539,2024-12-20 23:04:00,DHA Phase 1,24.805216,67.057578,23,Friday,mugging,HIGH,no,no,community_report
INC-0803,2024-12-20 23:41:00,Teen Talwar,24.828977,67.033931,23,Friday,phone_snatching,HIGH,no,yes,community_report
INC-1305,2024-12-21 21:42:00,Nazimabad,24.918615,67.037006,21,Saturday,mugging,MEDIUM,no,yes,community_report
INC-0100,2024-12-21 22:25:00,Orangi Town,24.962896,67.022138,22,Saturday,phone_snatching,MEDIUM,no,no,community_report
INC-1607,2024-12-21 22:35:00,Zamzama,24.829857,67.077118,22,Saturday,phone_snatching,MEDIUM,no,no,community_report
INC-1052,2024-12-21 23:17:00,Sohrab Goth,24.955509,67.075567,23,Saturday,robbery,HIGH,no,no,community_report
INC-1538,2024-12-22 23:35:00,DHA Phase 1,24.803696,67.060833,23,Sunday,vehicle_theft,LOW,no,no,community_report
INC-1436,2024-12-22 23:54:00,PECHS,24.877829,67.078557,23,Sunday,phone_snatching,HIGH,no,no,community_report
INC-1552,2024-12-23 00:33:00,DHA Phase 5,24.809277,67.09058,0,Monday,vehicle_theft,LOW,no,no,community_report
INC-1258,2024-12-23 19:36:00,Garden West,24.879076,67.01934,19,Monday,phone_snatching,MEDIUM,no,no,community_report
INC-1699,2024-12-23 22:10:00,Nagan Chowrangi,24.942159,67.082116,22,Monday,signal_robbery,MEDIUM,no,no,community_report
INC-1856,2024-12-23 22:19:00,Malir Cantonment,24.874197,67.202443,22,Monday,vehicle_theft,LOW,no,yes,community_report
INC-0907,2024-12-24 19:23:00,Hassan Square,24.898637,67.070918,19,Tuesday,signal_robbery,HIGH,no,no,community_report
INC-0516,2024-12-24 23:30:00,Korangi,24.824437,67.140468,23,Tuesday,phone_snatching,MEDIUM,no,yes,community_report
INC-1072,2024-12-26 00:32:00,Sohrab Goth,24.958781,67.075833,0,Thursday,mugging,HIGH,no,no,community_report
INC-0414,2024-12-26 16:11:00,Liaquatabad,24.905419,67.036104,16,Thursday,mugging,MEDIUM,no,no,community_report
INC-0104,2024-12-26 18:42:00,Orangi Town,24.963292,67.020994,18,Thursday,phone_snatching,HIGH,no,yes,community_report
INC-0120,2024-12-26 20:42:00,Orangi Town,24.96781,67.018395,20,Thursday,phone_snatching,MEDIUM,no,no,community_report
INC-0587,2024-12-26 21:41:00,SITE Industrial Area,24.930063,67.002521,21,Thursday,vehicle_theft,MEDIUM,no,no,community_report
INC-1491,2024-12-27 00:42:00,Clifton,24.819071,67.03598,0,Friday,vehicle_theft,LOW,no,no,community_report
INC-0855,2024-12-27 20:11:00,Teen Talwar,24.829916,67.03345,20,Friday,phone_snatching,MEDIUM,no,no,community_report
INC-0126,2024-12-28 12:24:00,Orangi Town,24.967567,67.017995,12,Saturday,phone_snatching,HIGH,no,no,community_report
INC-1770,2024-12-28 17:27:00,Soldier Bazaar,24.88813,67.030569,17,Saturday,phone_snatching,LOW,no,no,community_report
INC-1242,2024-12-28 20:12:00,Garden West,24.877403,67.019414,20,Saturday,mugging,HIGH,no,no,community_report
INC-0637,2024-12-28 21:05:00,SITE Industrial Area,24.929861,67.000004,21,Saturday,vehicle_theft,MEDIUM,no,no,community_report
INC-0102,2024-12-28 22:41:00,Orangi Town,24.962484,67.017615,22,Saturday,phone_snatching,MEDIUM,no,no,community_report
INC-0092,2024-12-29 11:28:00,Lyari,24.871755,67.011107,11,Sunday,robbery,HIGH,yes,no,community_report
INC-0689,2024-12-29 20:32:00,Malir,24.897234,67.227,20,Sunday,mugging,LOW,no,no,community_report
INC-1247,2024-12-29 21:09:00,Garden West,24.880555,67.020994,21,Sunday,phone_snatching,MEDIUM,no,yes,community_report
INC-1824,2024-12-29 21:27:00,Soldier Bazaar,24.886977,67.025564,21,Sunday,phone_snatching,MEDIUM,no,no,community_report
INC-0957,2024-12-29 22:53:00,North Nazimabad,24.952929,67.054897,22,Sunday,phone_snatching,LOW,no,no,community_report
INC-1889,2024-12-29 23:23:00,Model Colony,24.884809,67.147161,23,Sunday,phone_snatching,MEDIUM,no,no,community_report
INC-1211,2024-12-30 20:35:00,Garden West,24.879838,67.022615,20,Monday,mugging,LOW,no,no,community_report
INC-0346,2024-12-30 23:44:00,Baloch Colony,24.866938,67.076105,23,Monday,signal_robbery,HIGH,no,no,community_report
INC-0184,2024-12-31 15:00:00,Orangi Town,24.966291,67.020576,15,Tuesday,mugging,HIGH,no,yes,community_report
INC-1259,2024-12-31 21:27:00,Garden West,24.880291,67.020112,21,Tuesday,mugging,HIGH,no,yes,community_report
INC-1223,2024-12-31 21:43:00,Garden West,24.877443,67.019063,21,Tuesday,phone_snatching,LOW,no,no,community_report
INC-0982,2024-12-31 22:24:00,North Nazimabad,24.95116,67.054939,22,Tuesday,mugging,LOW,no,yes,community_report
INC-1381,2024-12-31 22:31:00,Gulistan-e-Jauhar,24.912054,67.219716,22,Tuesday,ride_hailing_incident,MEDIUM,no,yes,community_report
INC-0945,2024-12-31 23:54:00,North Nazimabad,24.949056,67.053481,23,Tuesday,phone_snatching,LOW,no,no,community_report
INC-0924,2025-01-01 19:44:00,Hassan Square,24.89877,67.071836,19,Wednesday,signal_robbery,MEDIUM,yes,no,community_report
INC-0340,2025-01-01 22:10:00,Baloch Colony,24.864289,67.073597,22,Wednesday,mugging,HIGH,no,yes,community_report
INC-0510,2025-01-01 23:57:00,Korangi,24.825246,67.142826,23,Wednesday,mugging,HIGH,no,no,community_report
INC-0034,2025-01-02 00:41:00,Lyari,24.873487,67.010702,0,Thursday,robbery,MEDIUM,no,no,community_report
INC-1685,2025-01-02 13:57:00,Guru Mandir,24.865159,67.015325,13,Thursday,phone_snatching,HIGH,no,yes,community_report
INC-0439,2025-01-02 23:19:00,Landhi,24.851173,67.359949,23,Thursday,mugging,HIGH,no,no,community_report
INC-0441,2025-01-02 23:26:00,Landhi,24.850981,67.357599,23,Thursday,vehicle_theft,LOW,no,no,community_report
INC-0294,2025-01-03 18:18:00,Baloch Colony,24.863421,67.075534,18,Friday,mugging,MEDIUM,no,no,community_report
INC-1031,2025-01-03 20:10:00,Gulshan-e-Iqbal,24.92753,67.133369,20,Friday,signal_robbery,LOW,yes,no,community_report
INC-1191,2025-01-03 22:51:00,Superhighway,24.977212,67.152483,22,Friday,robbery,MEDIUM,no,yes,community_report
INC-1129,2025-01-03 22:55:00,Superhighway,24.980409,67.147614,22,Friday,vehicle_theft,LOW,no,no,community_report
INC-1104,2025-01-03 23:19:00,Sohrab Goth,24.954714,67.079362,23,Friday,robbery,MEDIUM,no,no,community_report
INC-0088,2025-01-04 15:06:00,Lyari,24.874288,67.014526,15,Saturday,mugging,HIGH,no,no,community_report
INC-1292,2025-01-04 21:35:00,Nazimabad,24.917762,67.036086,21,Saturday,mugging,MEDIUM,no,no,community_report
INC-0786,2025-01-04 23:39:00,Teen Talwar,24.831,67.030599,23,Saturday,signal_robbery,MEDIUM,yes,no,community_report
INC-0473,2025-01-05 00:37:00,Landhi,24.851392,67.359296,0,Sunday,vehicle_theft,HIGH,no,no,community_report
INC-0684,2025-01-05 20:24:00,Malir,24.89756,67.230374,20,Sunday,mugging,MEDIUM,no,no,community_report
INC-0430,2025-01-05 23:55:00,Landhi,24.851749,67.35867,23,Sunday,vehicle_theft,LOW,no,no,community_report
INC-0829,2025-01-06 17:43:00,Teen Talwar,24.82858,67.033476,17,Monday,phone_snatching,MEDIUM,no,no,community_report
INC-1825,2025-01-06 22:47:00,Malir Cantonment,24.877079,67.204592,22,Monday,mugging,MEDIUM,no,no,community_report
INC-0793,2025-01-06 23:07:00,Teen Talwar,24.828647,67.029992,23,Monday,phone_snatching,HIGH,no,no,community_report
INC-0447,2025-01-07 01:30:00,Landhi,24.848947,67.359335,1,Tuesday,vehicle_theft,HIGH,no,no,community_report
INC-1314,2025-01-07 19:46:00,Nazimabad,24.917948,67.037078,19,Tuesday,mugging,MEDIUM,no,no,community_report
INC-1660,2025-01-07 21:01:00,Guru Mandir,24.869365,67.017318,21,Tuesday,mugging,MEDIUM,no,no,community_report
INC-0106,2025-01-08 10:40:00,Orangi Town,24.962491,67.017686,10,Wednesday,mugging,HIGH,no,yes,community_report
INC-0481,2025-01-08 16:46:00,Landhi,24.850305,67.362798,16,Wednesday,vehicle_theft,LOW,no,yes,community_report
INC-0427,2025-01-08 18:10:00,Liaquatabad,24.906754,67.036902,18,Wednesday,mugging,MEDIUM,no,no,community_report
INC-1193,2025-01-08 21:45:00,Garden West,24.875418,67.021287,21,Wednesday,mugging,MEDIUM,no,no,community_report
INC-0729,2025-01-08 21:48:00,Saddar,24.859572,67.029942,21,Wednesday,pickpocketing,MEDIUM,no,yes,community_report
INC-0647,2025-01-09 11:34:00,Malir,24.893162,67.227339,11,Thursday,phone_snatching,LOW,no,no,community_report
INC-1288,2025-01-09 13:07:00,Nazimabad,24.920418,67.033148,13,Thursday,mugging,MEDIUM,no,no,community_report
INC-1769,2025-01-09 18:43:00,Soldier Bazaar,24.889484,67.030598,18,Thursday,mugging,MEDIUM,no,yes,community_report
INC-0138,2025-01-09 21:51:00,Orangi Town,24.96378,67.021691,21,Thursday,phone_snatching,HIGH,no,yes,community_report
INC-0204,2025-01-10 18:13:00,Keamari,24.84553,66.99005,18,Friday,mugging,HIGH,no,no,community_report
INC-0374,2025-01-10 18:41:00,Liaquatabad,24.907372,67.034937,18,Friday,phone_snatching,HIGH,no,no,community_report
INC-1153,2025-01-10 22:36:00,Superhighway,24.979053,67.14751,22,Friday,robbery,LOW,no,no,community_report
INC-1418,2025-01-10 22:38:00,Gulistan-e-Jauhar,24.911368,67.222508,22,Friday,ride_hailing_incident,MEDIUM,no,yes,community_report
INC-1821,2025-01-11 12:10:00,Soldier Bazaar,24.889609,67.025276,12,Saturday,mugging,HIGH,no,yes,community_report
INC-0746,2025-01-11 18:05:00,Saddar,24.86317,67.026702,18,Saturday,pickpocketing,MEDIUM,no,no,community_report
INC-1735,2025-01-11 20:15:00,Nagan Chowrangi,24.941138,67.087542,20,Saturday,signal_robbery,LOW,yes,no,community_report
INC-1257,2025-01-11 21:08:00,Garden West,24.877249,67.021989,21,Saturday,mugging,MEDIUM,no,no,community_report
INC-0369,2025-01-11 21:24:00,Liaquatabad,24.905987,67.037808,21,Saturday,mugging,MEDIUM,no,yes,community_report
INC-1097,2025-01-12 19:49:00,Sohrab Goth,24.953162,67.075571,19,Sunday,mugging,LOW,no,no,community_report
INC-0935,2025-01-12 20:29:00,North Nazimabad,24.949184,67.055086,20,Sunday,phone_snatching,LOW,no,no,community_report
INC-1270,2025-01-12 21:27:00,Nazimabad,24.920331,67.034032,21,Sunday,robbery,MEDIUM,no,no,community_report
INC-1682,2025-01-13 21:03:00,Guru Mandir,24.868198,67.013329,21,Monday,robbery,HIGH,no,yes,community_report
INC-1641,2025-01-13 21:14:00,Guru Mandir,24.868623,67.015991,21,Monday,phone_snatching,MEDIUM,no,no,community_report
INC-1561,2025-01-14 00:11:00,DHA Phase 5,24.80962,67.090853,0,Tuesday,vehicle_theft,LOW,no,no,community_report
INC-1285,2025-01-14 19:58:00,Nazimabad,24.921249,67.036035,19,Tuesday,mugging,MEDIUM,no,no,community_report
INC-1447,2025-01-15 23:53:00,PECHS,24.874523,67.079062,23,Wednesday,vehicle_theft,MEDIUM,no,no,community_report
INC-1340,2025-01-16 22:12:00,FB Area,24.954549,67.102753,22,Thursday,mugging,MEDIUM,no,yes,community_report
INC-0175,2025-01-16 22:20:00,Orangi Town,24.963436,67.017216,22,Thursday,robbery,HIGH,yes,no,community_report
INC-0247,2025-01-16 23:36:00,Keamari,24.8478,66.991381,23,Thursday,robbery,HIGH,no,no,community_report
INC-0696,2025-01-17 10:58:00,Malir,24.89848,67.231883,10,Friday,mugging,LOW,no,no,community_report
INC-1260,2025-01-17 13:33:00,Garden West,24.880037,67.019456,13,Friday,phone_snatching,LOW,no,yes,community_report
INC-1176,2025-01-17 20:03:00,Superhighway,24.977709,67.152428,20,Friday,vehicle_theft,MEDIUM,no,yes,community_report
INC-1234,2025-01-17 21:53:00,Garden West,24.876647,67.020131,21,Friday,mugging,LOW,no,no,community_report
INC-1740,2025-01-17 22:09:00,Nagan Chowrangi,24.944795,67.082526,22,Friday,mugging,HIGH,no,no,community_report
INC-1597,2025-01-17 22:24:00,Zamzama,24.829282,67.075513,22,Friday,mugging,MEDIUM,no,no,community_report
INC-0773,2025-01-18 21:24:00,Saddar,24.863863,67.025303,21,Saturday,mugging,MEDIUM,no,no,community_report
INC-1063,2025-01-18 21:53:00,Sohrab Goth,24.956866,67.07848,21,Saturday,mugging,HIGH,no,no,community_report
INC-1365,2025-01-19 15:54:00,FB Area,24.953428,67.103808,15,Sunday,phone_snatching,MEDIUM,no,no,community_report
INC-0398,2025-01-19 21:27:00,Liaquatabad,24.90599,67.034577,21,Sunday,phone_snatching,HIGH,no,yes,community_report
INC-0105,2025-01-19 21:44:00,Orangi Town,24.962638,67.022613,21,Sunday,phone_snatching,MEDIUM,no,no,community_report
INC-1583,2025-01-19 23:48:00,Zamzama,24.829701,67.07217,23,Sunday,phone_snatching,MEDIUM,no,yes,community_report
INC-0234,2025-01-20 00:37:00,Keamari,24.844414,66.989019,0,Monday,mugging,MEDIUM,no,no,community_report
INC-1659,2025-01-20 21:42:00,Guru Mandir,24.868583,67.018927,21,Monday,robbery,MEDIUM,no,yes,community_report
INC-1390,2025-01-20 23:14:00,Gulistan-e-Jauhar,24.911263,67.22244,23,Monday,phone_snatching,MEDIUM,no,no,community_report
INC-1060,2025-01-21 00:21:00,Sohrab Goth,24.955117,67.079804,0,Tuesday,mugging,HIGH,no,no,community_report
INC-0017,2025-01-21 23:35:00,Lyari,24.871989,67.009064,23,Tuesday,robbery,LOW,no,yes,community_report
INC-0765,2025-01-22 20:01:00,Saddar,24.860018,67.025749,20,Wednesday,mugging,MEDIUM,no,no,community_report
INC-1756,2025-01-22 21:04:00,Soldier Bazaar,24.887311,67.030574,21,Wednesday,mugging,HIGH,no,yes,community_report
INC-1713,2025-01-22 22:19:00,Nagan Chowrangi,24.943101,67.087463,22,Wednesday,signal_robbery,HIGH,yes,no,community_report
INC-1600,2025-01-22 22:43:00,Zamzama,24.828362,67.074183,22,Wednesday,phone_snatching,LOW,no,no,community_report
INC-1846,2025-01-22 22:52:00,Malir Cantonment,24.876991,67.203502,22,Wednesday,vehicle_theft,MEDIUM,no,no,community_report
INC-0075,2025-01-22 23:45:00,Lyari,24.874222,67.014205,23,Wednesday,mugging,MEDIUM,no,no,community_report
INC-0756,2025-01-23 21:11:00,Saddar,24.859326,67.026919,21,Thursday,phone_snatching,MEDIUM,no,no,community_report
INC-0165,2025-01-23 21:17:00,Orangi Town,24.966713,67.022854,21,Thursday,phone_snatching,HIGH,no,no,community_report
INC-1581,2025-01-23 21:42:00,Zamzama,24.830447,67.072611,21,Thursday,phone_snatching,MEDIUM,no,no,community_report
INC-0820,2025-01-23 22:03:00,Teen Talwar,24.828854,67.032127,22,Thursday,mugging,MEDIUM,no,no,community_report
INC-0083,2025-01-23 23:16:00,Lyari,24.87424,67.011696,23,Thursday,phone_snatching,HIGH,no,no,community_report
INC-0305,2025-01-24 23:59:00,Baloch Colony,24.861387,67.073859,23,Friday,signal_robbery,HIGH,no,no,community_report
INC-0188,2025-01-25 12:47:00,Orangi Town,24.967875,67.018301,12,Saturday,robbery,HIGH,yes,no,community_report
INC-0307,2025-01-25 16:07:00,Baloch Colony,24.866567,67.077039,16,Saturday,mugging,HIGH,no,no,community_report
INC-0771,2025-01-25 19:38:00,Saddar,24.860089,67.03003,19,Saturday,phone_snatching,MEDIUM,no,yes,community_report
INC-0396,2025-01-25 20:07:00,Liaquatabad,24.902108,67.035007,20,Saturday,phone_snatching,HIGH,no,no,community_report
INC-1229,2025-01-25 20:08:00,Garden West,24.880309,67.017157,20,Saturday,mugging,LOW,no,yes,community_report
INC-0341,2025-01-25 20:38:00,Baloch Colony,24.862575,67.077402,20,Saturday,signal_robbery,HIGH,yes,no,community_report
INC-1374,2025-01-25 22:23:00,FB Area,24.952924,67.107775,22,Saturday,phone_snatching,HIGH,no,no,community_report
INC-0040,2025-01-25 22:25:00,Lyari,24.871875,67.013083,22,Saturday,robbery,HIGH,yes,no,community_report
INC-0502,2025-01-25 22:46:00,Korangi,24.822084,67.141275,22,Saturday,mugging,LOW,no,no,community_report
INC-1198,2025-01-26 19:24:00,Garden West,24.877025,67.019061,19,Sunday,phone_snatching,HIGH,no,yes,community_report
INC-0955,2025-01-26 20:10:00,North Nazimabad,24.952566,67.054231,20,Sunday,phone_snatching,LOW,no,no,community_report
INC-1696,2025-01-26 22:21:00,Nagan Chowrangi,24.940005,67.085235,22,Sunday,signal_robbery,LOW,no,no,community_report
INC-0080,2025-01-26 23:53:00,Lyari,24.874502,67.009081,23,Sunday,robbery,LOW,no,no,community_report
INC-0719,2025-01-27 11:38:00,Saddar,24.862444,67.025266,11,Monday,pickpocketing,HIGH,no,yes,community_report
INC-1404,2025-01-27 18:47:00,Gulistan-e-Jauhar,24.912444,67.220506,18,Monday,mugging,HIGH,no,yes,community_report
INC-1774,2025-01-27 19:45:00,Soldier Bazaar,24.889671,67.029704,19,Monday,mugging,MEDIUM,no,yes,community_report
INC-0275,2025-01-27 20:09:00,Baloch Colony,24.861727,67.072794,20,Monday,signal_robbery,HIGH,no,no,community_report
INC-0433,2025-01-27 22:45:00,Landhi,24.847384,67.35747,22,Monday,vehicle_theft,HIGH,no,no,community_report
INC-1869,2025-01-28 20:55:00,Model Colony,24.881834,67.149375,20,Tuesday,mugging,LOW,no,no,community_report
INC-0626,2025-01-28 21:10:00,SITE Industrial Area,24.932653,67.000922,21,Tuesday,vehicle_theft,LOW,no,yes,community_report
INC-1329,2025-01-28 21:13:00,FB Area,24.952838,67.105762,21,Tuesday,phone_snatching,MEDIUM,no,no,community_report
INC-0883,2025-01-28 22:41:00,Hassan Square,24.89895,67.070145,22,Tuesday,signal_robbery,MEDIUM,yes,no,community_report
INC-0221,2025-01-28 23:39:00,Keamari,24.842996,66.990715,23,Tuesday,robbery,HIGH,yes,no,community_report
INC-0615,2025-01-29 21:27:00,SITE Industrial Area,24.931641,66.998558,21,Wednesday,vehicle_theft,HIGH,no,yes,community_report
INC-0519,2025-01-29 23:53:00,Korangi,24.824057,67.140665,23,Wednesday,mugging,HIGH,no,yes,community_report
INC-0152,2025-01-31 19:03:00,Orangi Town,24.963837,67.021156,19,Friday,phone_snatching,MEDIUM,no,no,community_report
INC-0621,2025-01-31 20:28:00,SITE Industrial Area,24.932533,67.000568,20,Friday,vehicle_theft,HIGH,no,no,community_report
INC-1037,2025-01-31 21:42:00,Gulshan-e-Iqbal,24.931255,67.135635,21,Friday,signal_robbery,MEDIUM,yes,no,community_report
INC-0206,2025-01-31 23:22:00,Keamari,24.847119,66.988837,23,Friday,mugging,HIGH,no,no,community_report
INC-1621,2025-02-01 20:18:00,Guru Mandir,24.867355,67.01339,20,Saturday,mugging,MEDIUM,no,no,community_report
INC-1888,2025-02-02 13:14:00,Model Colony,24.882883,67.146493,13,Sunday,phone_snatching,LOW,no,no,community_report
INC-0359,2025-02-02 18:13:00,Liaquatabad,24.904793,67.03311,18,Sunday,phone_snatching,MEDIUM,no,yes,community_report
INC-1890,2025-02-02 20:44:00,Model Colony,24.884595,67.145346,20,Sunday,mugging,LOW,no,no,community_report
INC-1124,2025-02-02 21:48:00,Sohrab Goth,24.953245,67.080745,21,Sunday,robbery,MEDIUM,yes,no,community_report
INC-1457,2025-02-02 21:50:00,PECHS,24.873112,67.077534,21,Sunday,phone_snatching,MEDIUM,no,no,community_report
INC-0762,2025-02-03 19:10:00,Saddar,24.864479,67.028947,19,Monday,pickpocketing,HIGH,no,yes,community_report
INC-0728,2025-02-04 19:22:00,Saddar,24.863244,67.029816,19,Tuesday,mugging,HIGH,no,no,community_report
INC-0733,2025-02-04 20:44:00,Saddar,24.86108,67.027034,20,Tuesday,mugging,MEDIUM,no,no,community_report
INC-1085,2025-02-04 21:06:00,Sohrab Goth,24.95597,67.079733,21,Tuesday,robbery,HIGH,yes,no,community_report
INC-1755,2025-02-04 22:04:00,Nagan Chowrangi,24.943144,67.087586,22,Tuesday,phone_snatching,LOW,no,yes,community_report
INC-1417,2025-02-04 22:17:00,Gulistan-e-Jauhar,24.909331,67.219795,22,Tuesday,ride_hailing_incident,MEDIUM,no,no,community_report
INC-0236,2025-02-05 00:07:00,Keamari,24.846536,66.99049,0,Wednesday,mugging,HIGH,no,no,community_report
INC-1238,2025-02-05 08:43:00,Garden West,24.878698,67.022003,8,Wednesday,mugging,LOW,no,no,community_report
INC-1026,2025-02-05 22:24:00,Gulshan-e-Iqbal,24.929976,67.135532,22,Wednesday,phone_snatching,LOW,no,no,community_report
INC-0605,2025-02-05 22:51:00,SITE Industrial Area,24.932041,67.002672,22,Wednesday,mugging,MEDIUM,no,yes,community_report
INC-0415,2025-02-06 08:13:00,Liaquatabad,24.902667,67.032307,8,Thursday,phone_snatching,MEDIUM,no,no,community_report
INC-1469,2025-02-06 11:01:00,PECHS,24.873382,67.079442,11,Thursday,vehicle_theft,MEDIUM,no,no,community_report
INC-1435,2025-02-07 14:23:00,PECHS,24.874946,67.078065,14,Friday,phone_snatching,HIGH,no,yes,community_report
INC-1290,2025-02-07 15:41:00,Nazimabad,24.917259,67.032909,15,Friday,mugging,MEDIUM,no,no,community_report
INC-1194,2025-02-07 20:17:00,Garden West,24.879928,67.018948,20,Friday,mugging,MEDIUM,no,no,community_report
INC-1799,2025-02-07 20:58:00,Soldier Bazaar,24.886748,67.030874,20,Friday,phone_snatching,LOW,no,no,community_report
INC-0342,2025-02-07 21:00:00,Baloch Colony,24.862748,67.073605,21,Friday,phone_snatching,LOW,no,no,community_report
INC-1289,2025-02-08 11:47:00,Nazimabad,24.921591,67.037116,11,Saturday,robbery,MEDIUM,no,yes,community_report
INC-1201,2025-02-08 21:01:00,Garden West,24.876529,67.020919,21,Saturday,phone_snatching,MEDIUM,no,no,community_report
INC-0376,2025-02-09 18:48:00,Liaquatabad,24.905366,67.037202,18,Sunday,mugging,MEDIUM,no,no,community_report
INC-1403,2025-02-09 21:12:00,Gulistan-e-Jauhar,24.908934,67.221128,21,Sunday,ride_hailing_incident,LOW,no,no,community_report
INC-0704,2025-02-10 20:34:00,Malir,24.897914,67.228791,20,Monday,mugging,HIGH,no,no,community_report
INC-0538,2025-02-10 21:41:00,Korangi,24.824491,67.141634,21,Monday,robbery,MEDIUM,yes,yes,community_report
INC-0303,2025-02-10 22:09:00,Baloch Colony,24.86523,67.074942,22,Monday,phone_snatching,LOW,no,no,community_report
INC-1835,2025-02-10 23:00:00,Malir Cantonment,24.873977,67.205484,23,Monday,vehicle_theft,MEDIUM,no,yes,community_report
INC-1837,2025-02-11 20:24:00,Malir Cantonment,24.877196,67.203136,20,Tuesday,mugging,LOW,no,yes,community_report
INC-0421,2025-02-11 21:57:00,Liaquatabad,24.904193,67.034452,21,Tuesday,phone_snatching,HIGH,no,no,community_report
INC-0162,2025-02-11 22:04:00,Orangi Town,24.966362,67.017745,22,Tuesday,phone_snatching,LOW,no,yes,community_report
INC-0777,2025-02-11 22:47:00,Saddar,24.862771,67.026949,22,Tuesday,phone_snatching,MEDIUM,no,yes,community_report
INC-1056,2025-02-11 23:39:00,Sohrab Goth,24.958343,67.078353,23,Tuesday,robbery,HIGH,yes,no,community_report
INC-1779,2025-02-12 18:43:00,Soldier Bazaar,24.885567,67.027707,18,Wednesday,robbery,HIGH,yes,no,community_report
INC-1673,2025-02-12 19:17:00,Guru Mandir,24.869785,67.013928,19,Wednesday,mugging,MEDIUM,no,yes,community_report
INC-1278,2025-02-12 23:26:00,Nazimabad,24.921958,67.037028,23,Wednesday,robbery,MEDIUM,yes,no,community_report
INC-0327,2025-02-13 13:54:00,Baloch Colony,24.864967,67.073998,13,Thursday,signal_robbery,MEDIUM,yes,no,community_report
INC-1411,2025-02-13 18:24:00,Gulistan-e-Jauhar,24.908039,67.219679,18,Thursday,phone_snatching,MEDIUM,no,no,community_report
INC-0254,2025-02-14 00:17:00,Keamari,24.84645,66.988857,0,Friday,vehicle_theft,MEDIUM,no,no,community_report
INC-1647,2025-02-14 09:45:00,Guru Mandir,24.868873,67.015514,9,Friday,mugging,MEDIUM,no,no,community_report
INC-0925,2025-02-14 20:47:00,Hassan Square,24.899841,67.071456,20,Friday,signal_robbery,LOW,yes,yes,community_report
INC-1358,2025-02-14 22:39:00,FB Area,24.952805,67.107331,22,Friday,mugging,HIGH,no,no,community_report
INC-0332,2025-02-14 22:44:00,Baloch Colony,24.866027,67.072579,22,Friday,phone_snatching,HIGH,no,yes,community_report
INC-0011,2025-02-14 23:59:00,Lyari,24.870111,67.009335,23,Friday,robbery,MEDIUM,no,no,community_report
INC-0573,2025-02-15 20:17:00,SITE Industrial Area,24.929273,66.999928,20,Saturday,robbery,MEDIUM,no,yes,community_report
INC-0655,2025-02-15 21:14:00,Malir,24.894127,67.230045,21,Saturday,phone_snatching,HIGH,no,no,community_report
INC-0043,2025-02-16 00:52:00,Lyari,24.875142,67.014389,0,Sunday,mugging,HIGH,no,no,community_report
INC-0644,2025-02-16 20:12:00,Malir,24.893218,67.229808,20,Sunday,mugging,MEDIUM,no,no,community_report
INC-0740,2025-02-16 22:00:00,Saddar,24.85994,67.029545,22,Sunday,phone_snatching,MEDIUM,no,yes,community_report
INC-0147,2025-02-16 22:57:00,Orangi Town,24.964343,67.019899,22,Sunday,phone_snatching,MEDIUM,no,no,community_report
INC-1895,2025-02-17 20:25:00,Model Colony,24.883219,67.148521,20,Monday,vehicle_theft,LOW,no,no,community_report
INC-0535,2025-02-17 21:25:00,Korangi,24.822035,67.137416,21,Monday,robbery,MEDIUM,no,no,community_report
INC-0123,2025-02-17 21:32:00,Orangi Town,24.96539,67.020229,21,Monday,robbery,MEDIUM,yes,no,community_report
INC-0551,2025-02-17 22:44:00,Korangi,24.827177,67.13722,22,Monday,mugging,LOW,no,no,community_report
INC-0725,2025-02-19 18:19:00,Saddar,24.863982,67.028674,18,Wednesday,mugging,MEDIUM,no,yes,community_report
INC-0512,2025-02-19 21:02:00,Korangi,24.822146,67.138731,21,Wednesday,mugging,HIGH,no,no,community_report
INC-0743,2025-02-19 21:56:00,Saddar,24.860672,67.025997,21,Wednesday,phone_snatching,MEDIUM,no,no,community_report
INC-0256,2025-02-20 00:51:00,Keamari,24.847657,66.988468,0,Thursday,mugging,MEDIUM,no,no,community_report
INC-1339,2025-02-20 21:09:00,FB Area,24.954393,67.102876,21,Thursday,mugging,MEDIUM,no,no,community_report
INC-0280,2025-02-20 21:40:00,Baloch Colony,24.862825,67.072696,21,Thursday,signal_robbery,HIGH,yes,no,community_report
INC-1679,2025-02-20 21:44:00,Guru Mandir,24.868058,67.015051,21,Thursday,phone_snatching,MEDIUM,no,no,community_report
INC-1301,2025-02-20 23:52:00,Nazimabad,24.920183,67.037297,23,Thursday,robbery,LOW,no,no,community_report
INC-0640,2025-02-21 22:20:00,SITE Industrial Area,24.929587,67.002031,22,Friday,robbery,MEDIUM,yes,no,community_report
INC-1619,2025-02-22 13:43:00,Guru Mandir,24.865197,67.014353,13,Saturday,mugging,MEDIUM,no,yes,community_report
INC-1667,2025-02-22 20:38:00,Guru Mandir,24.866889,67.018593,20,Saturday,mugging,LOW,no,no,community_report
INC-0312,2025-02-22 20:41:00,Baloch Colony,24.863769,67.074659,20,Saturday,phone_snatching,LOW,no,no,community_report
INC-0484,2025-02-22 22:04:00,Landhi,24.849515,67.358615,22,Saturday,vehicle_theft,LOW,no,yes,community_report
INC-0808,2025-02-22 22:37:00,Teen Talwar,24.827912,67.031472,22,Saturday,phone_snatching,HIGH,no,no,community_report
INC-0599,2025-02-22 22:41:00,SITE Industrial Area,24.931796,67.002086,22,Saturday,robbery,HIGH,yes,no,community_report
INC-0844,2025-02-23 16:14:00,Teen Talwar,24.828737,67.03179,16,Sunday,phone_snatching,HIGH,no,no,community_report
INC-0036,2025-02-23 20:45:00,Lyari,24.873426,67.011775,20,Sunday,robbery,HIGH,no,yes,community_report
INC-0556,2025-02-24 23:16:00,Korangi,24.823198,67.137407,23,Monday,mugging,HIGH,no,no,community_report
INC-1781,2025-02-24 23:22:00,Soldier Bazaar,24.887834,67.030193,23,Monday,phone_snatching,LOW,no,no,community_report
INC-1163,2025-02-25 00:01:00,Superhighway,24.982557,67.150701,0,Tuesday,carjacking,LOW,no,no,community_report
INC-1482,2025-02-25 00:58:00,Clifton,24.821582,67.03431,0,Tuesday,mugging,HIGH,no,no,community_report
INC-1467,2025-02-25 22:17:00,PECHS,24.876333,67.081608,22,Tuesday,mugging,LOW,no,no,community_report
INC-0860,2025-02-26 19:37:00,Hassan Square,24.89616,67.069821,19,Wednesday,phone_snatching,HIGH,no,yes,community_report
INC-1793,2025-02-26 20:22:00,Soldier Bazaar,24.88892,67.029239,20,Wednesday,phone_snatching,HIGH,no,no,community_report
INC-1203,2025-02-26 21:00:00,Garden West,24.877579,67.022523,21,Wednesday,mugging,MEDIUM,no,no,community_report
INC-0338,2025-02-27 20:15:00,Baloch Colony,24.861467,67.073958,20,Thursday,signal_robbery,MEDIUM,no,no,community_report
INC-0698,2025-02-27 21:56:00,Malir,24.895948,67.232775,21,Thursday,mugging,HIGH,no,no,community_report
INC-1420,2025-02-27 22:37:00,Gulistan-e-Jauhar,24.911099,67.218531,22,Thursday,phone_snatching,LOW,no,yes,community_report
INC-1010,2025-02-27 22:55:00,Gulshan-e-Iqbal,24.931892,67.135078,22,Thursday,phone_snatching,HIGH,no,yes,community_report
INC-1559,2025-02-27 23:57:00,DHA Phase 5,24.807363,67.087345,23,Thursday,mugging,LOW,no,no,community_report
INC-1860,2025-02-28 10:24:00,Malir Cantonment,24.874393,67.20668,10,Friday,mugging,MEDIUM,no,no,community_report
INC-0272,2025-02-28 22:30:00,Keamari,24.843294,66.990921,22,Friday,robbery,MEDIUM,yes,no,community_report
INC-1831,2025-03-01 16:52:00,Malir Cantonment,24.876142,67.204075,16,Saturday,mugging,HIGH,no,yes,community_report
INC-1250,2025-03-01 19:12:00,Garden West,24.877445,67.02042,19,Saturday,robbery,MEDIUM,no,yes,community_report
INC-1655,2025-03-01 19:21:00,Guru Mandir,24.867065,67.018201,19,Saturday,phone_snatching,LOW,no,no,community_report
INC-0694,2025-03-01 20:06:00,Malir,24.89398,67.22896,20,Saturday,phone_snatching,MEDIUM,no,no,community_report
INC-1121,2025-03-01 22:53:00,Sohrab Goth,24.958627,67.07777,22,Saturday,robbery,MEDIUM,yes,yes,community_report
INC-1557,2025-03-01 23:12:00,DHA Phase 5,24.810735,67.091747,23,Saturday,mugging,LOW,no,no,community_report
INC-0335,2025-03-02 21:50:00,Baloch Colony,24.865897,67.077279,21,Sunday,signal_robbery,LOW,yes,no,community_report
INC-1775,2025-03-03 19:18:00,Soldier Bazaar,24.885738,67.029622,19,Monday,mugging,MEDIUM,no,no,community_report
INC-0749,2025-03-04 19:32:00,Saddar,24.863121,67.02863,19,Tuesday,pickpocketing,HIGH,no,no,community_report
INC-1736,2025-03-04 20:07:00,Nagan Chowrangi,24.942188,67.082876,20,Tuesday,phone_snatching,MEDIUM,no,no,community_report
INC-0584,2025-03-04 21:53:00,SITE Industrial Area,24.932768,67.001188,21,Tuesday,mugging,HIGH,no,no,community_report
INC-0916,2025-03-05 19:09:00,Hassan Square,24.898946,67.072979,19,Wednesday,signal_robbery,HIGH,yes,yes,community_report
INC-0664,2025-03-05 19:19:00,Malir,24.896288,67.22899,19,Wednesday,mugging,MEDIUM,no,no,community_report
INC-1533,2025-03-05 20:00:00,DHA Phase 1,24.803193,67.059848,20,Wednesday,mugging,MEDIUM,no,yes,community_report
INC-1343,2025-03-05 22:07:00,FB Area,24.95514,67.106627,22,Wednesday,phone_snatching,MEDIUM,no,no,community_report
INC-1171,2025-03-05 23:12:00,Superhighway,24.977622,67.148262,23,Wednesday,robbery,HIGH,yes,yes,community_report
INC-1448,2025-03-05 23:34:00,PECHS,24.872252,67.078423,23,Wednesday,vehicle_theft,MEDIUM,no,no,community_report
INC-0960,2025-03-06 22:03:00,North Nazimabad,24.949774,67.053083,22,Thursday,signal_robbery,LOW,no,yes,community_report
INC-0909,2025-03-06 22:36:00,Hassan Square,24.898135,67.072608,22,Thursday,signal_robbery,MEDIUM,yes,no,community_report
INC-0533,2025-03-06 22:43:00,Korangi,24.823065,67.137914,22,Thursday,mugging,HIGH,no,no,community_report
INC-1425,2025-03-06 23:43:00,Gulistan-e-Jauhar,24.91208,67.217246,23,Thursday,ride_hailing_incident,HIGH,no,no,community_report
INC-1130,2025-03-07 17:54:00,Superhighway,24.979897,67.148306,17,Friday,vehicle_theft,MEDIUM,no,no,community_report
INC-0496,2025-03-07 22:50:00,Landhi,24.851612,67.360738,22,Friday,vehicle_theft,HIGH,no,yes,community_report
INC-0161,2025-03-07 22:54:00,Orangi Town,24.965201,67.017408,22,Friday,mugging,MEDIUM,no,no,community_report
INC-0096,2025-03-07 22:58:00,Lyari,24.870845,67.013837,22,Friday,robbery,LOW,yes,no,community_report
INC-1416,2025-03-08 11:16:00,Gulistan-e-Jauhar,24.910229,67.222723,11,Saturday,mugging,MEDIUM,no,yes,community_report
INC-0399,2025-03-08 18:13:00,Liaquatabad,24.907446,67.037719,18,Saturday,phone_snatching,HIGH,no,no,community_report
INC-1123,2025-03-08 18:20:00,Sohrab Goth,24.95732,67.079385,18,Saturday,robbery,LOW,yes,no,community_report
INC-0130,2025-03-08 19:06:00,Orangi Town,24.96524,67.022146,19,Saturday,phone_snatching,HIGH,no,yes,community_report
INC-1638,2025-03-08 20:45:00,Guru Mandir,24.867522,67.013657,20,Saturday,phone_snatching,MEDIUM,no,no,community_report
INC-0806,2025-03-08 21:57:00,Teen Talwar,24.832389,67.033155,21,Saturday,signal_robbery,LOW,yes,yes,community_report
INC-0144,2025-03-09 18:40:00,Orangi Town,24.963895,67.022725,18,Sunday,phone_snatching,MEDIUM,no,no,community_report
INC-0686,2025-03-09 20:18:00,Malir,24.896382,67.229379,20,Sunday,vehicle_theft,HIGH,no,no,community_report
INC-1574,2025-03-10 00:23:00,DHA Phase 5,24.808757,67.092854,0,Monday,vehicle_theft,MEDIUM,no,no,community_report
INC-0717,2025-03-10 22:11:00,Saddar,24.864755,67.027467,22,Monday,pickpocketing,HIGH,no,no,community_report
INC-1182,2025-03-10 22:16:00,Superhighway,24.981092,67.147608,22,Monday,vehicle_theft,LOW,no,no,community_report
INC-1768,2025-03-11 19:13:00,Soldier Bazaar,24.8896,67.030325,19,Tuesday,mugging,HIGH,no,no,community_report
INC-1433,2025-03-11 21:42:00,PECHS,24.874505,67.078267,21,Tuesday,phone_snatching,HIGH,no,no,community_report
INC-1710,2025-03-12 10:28:00,Nagan Chowrangi,24.940099,67.084668,10,Wednesday,signal_robbery,MEDIUM,no,yes,community_report
INC-0736,2025-03-12 16:25:00,Saddar,24.861247,67.02519,16,Wednesday,pickpocketing,HIGH,no,no,community_report
INC-1786,2025-03-12 19:22:00,Soldier Bazaar,24.884392,67.027405,19,Wednesday,phone_snatching,MEDIUM,no,no,community_report
INC-0244,2025-03-12 21:25:00,Keamari,24.843911,66.990256,21,Wednesday,robbery,HIGH,no,no,community_report
INC-0520,2025-03-12 21:55:00,Korangi,24.824666,67.142969,21,Wednesday,robbery,HIGH,yes,yes,community_report
INC-1842,2025-03-12 22:41:00,Malir Cantonment,24.874581,67.202304,22,Wednesday,vehicle_theft,HIGH,no,no,community_report
INC-0125,2025-03-13 08:37:00,Orangi Town,24.963274,67.018475,8,Thursday,mugging,HIGH,no,yes,community_report
INC-0380,2025-03-13 15:39:00,Liaquatabad,24.905279,67.037797,15,Thursday,phone_snatching,HIGH,no,yes,community_report
INC-0129,2025-03-14 20:37:00,Orangi Town,24.965548,67.020261,20,Friday,mugging,MEDIUM,no,yes,community_report
INC-0169,2025-03-14 22:38:00,Orangi Town,24.964154,67.017549,22,Friday,phone_snatching,HIGH,no,no,community_report
INC-0859,2025-03-14 23:46:00,Teen Talwar,24.831395,67.030328,23,Friday,mugging,MEDIUM,no,no,community_report
INC-1005,2025-03-15 20:02:00,Gulshan-e-Iqbal,24.928261,67.135969,20,Saturday,phone_snatching,MEDIUM,no,no,community_report
INC-1225,2025-03-15 21:50:00,Garden West,24.877466,67.020999,21,Saturday,mugging,MEDIUM,no,yes,community_report
INC-0561,2025-03-15 23:55:00,Korangi,24.825761,67.142044,23,Saturday,mugging,HIGH,no,no,community_report
INC-1188,2025-03-16 01:10:00,Superhighway,24.978331,67.151924,1,Sunday,robbery,HIGH,yes,no,community_report
INC-0442,2025-03-16 13:21:00,Landhi,24.848858,67.358754,13,Sunday,vehicle_theft,MEDIUM,no,no,community_report
INC-1484,2025-03-16 15:06:00,Clifton,24.820934,67.037931,15,Sunday,phone_snatching,MEDIUM,no,no,community_report
INC-0142,2025-03-16 17:48:00,Orangi Town,24.962762,67.020813,17,Sunday,mugging,HIGH,no,yes,community_report
INC-0182,2025-03-16 20:26:00,Orangi Town,24.967029,67.019818,20,Sunday,robbery,HIGH,yes,no,community_report
INC-1804,2025-03-16 21:00:00,Soldier Bazaar,24.888265,67.026656,21,Sunday,phone_snatching,MEDIUM,no,no,community_report
INC-1224,2025-03-17 19:23:00,Garden West,24.880312,67.017628,19,Monday,mugging,MEDIUM,no,no,community_report
INC-0419,2025-03-17 19:59:00,Liaquatabad,24.907834,67.034582,19,Monday,phone_snatching,LOW,no,yes,community_report
INC-1903,2025-03-17 20:44:00,Model Colony,24.883038,67.145736,20,Monday,vehicle_theft,LOW,no,no,community_report
INC-1640,2025-03-17 20:56:00,Guru Mandir,24.866582,67.014211,20,Monday,mugging,MEDIUM,no,no,community_report
INC-0317,2025-03-17 22:26:00,Baloch Colony,24.862036,67.077172,22,Monday,signal_robbery,HIGH,no,no,community_report
INC-1476,2025-03-17 23:47:00,Clifton,24.824627,67.037054,23,Monday,vehicle_theft,MEDIUM,no,no,community_report
INC-0835,2025-03-18 15:10:00,Teen Talwar,24.830869,67.032311,15,Tuesday,mugging,HIGH,no,no,community_report
INC-0779,2025-03-18 20:08:00,Teen Talwar,24.827284,67.034347,20,Tuesday,mugging,HIGH,no,yes,community_report
INC-1017,2025-03-18 22:14:00,Gulshan-e-Iqbal,24.93176,67.134076,22,Tuesday,signal_robbery,MEDIUM,yes,yes,community_report
INC-1495,2025-03-18 22:50:00,Clifton,24.82103,67.034295,22,Tuesday,mugging,LOW,no,no,community_report
INC-1543,2025-03-19 01:00:00,DHA Phase 1,24.802327,67.057647,1,Wednesday,mugging,MEDIUM,no,yes,community_report
INC-1812,2025-03-19 19:04:00,Soldier Bazaar,24.885819,67.025978,19,Wednesday,phone_snatching,MEDIUM,no,yes,community_report
INC-0802,2025-03-19 22:36:00,Teen Talwar,24.832488,67.033277,22,Wednesday,signal_robbery,MEDIUM,no,no,community_report
INC-0928,2025-03-20 14:02:00,North Nazimabad,24.947627,67.055058,14,Thursday,mugging,MEDIUM,no,no,community_report
INC-0824,2025-03-20 14:58:00,Teen Talwar,24.826957,67.032148,14,Thursday,phone_snatching,HIGH,no,yes,community_report
INC-0722,2025-03-20 15:54:00,Saddar,24.85997,67.030256,15,Thursday,phone_snatching,HIGH,no,yes,community_report
INC-0971,2025-03-20 21:54:00,North Nazimabad,24.950331,67.057424,21,Thursday,phone_snatching,LOW,no,no,community_report
INC-1082,2025-03-21 00:29:00,Sohrab Goth,24.958941,67.07929,0,Friday,mugging,HIGH,no,no,community_report
INC-0077,2025-03-21 01:05:00,Lyari,24.87422,67.012442,1,Friday,mugging,HIGH,no,no,community_report
INC-0973,2025-03-21 10:29:00,North Nazimabad,24.949106,67.053039,10,Friday,phone_snatching,MEDIUM,no,no,community_report
INC-0784,2025-03-21 11:08:00,Teen Talwar,24.826536,67.034651,11,Friday,signal_robbery,HIGH,no,no,community_report
INC-0298,2025-03-21 21:30:00,Baloch Colony,24.866762,67.076506,21,Friday,signal_robbery,LOW,yes,yes,community_report
INC-0021,2025-03-21 21:36:00,Lyari,24.871988,67.01466,21,Friday,mugging,HIGH,no,no,community_report
INC-0310,2025-03-21 21:40:00,Baloch Colony,24.861598,67.072406,21,Friday,signal_robbery,HIGH,no,no,community_report
INC-1150,2025-03-22 00:49:00,Superhighway,24.980174,67.147321,0,Saturday,robbery,MEDIUM,no,no,community_report
INC-0788,2025-03-22 11:55:00,Teen Talwar,24.832449,67.029697,11,Saturday,phone_snatching,HIGH,no,yes,community_report
INC-1832,2025-03-22 19:14:00,Malir Cantonment,24.878924,67.204333,19,Saturday,vehicle_theft,MEDIUM,no,no,community_report
INC-1177,2025-03-23 01:04:00,Superhighway,24.980751,67.147649,1,Sunday,vehicle_theft,LOW,no,no,community_report
INC-1144,2025-03-23 01:49:00,Superhighway,24.977361,67.15,1,Sunday,robbery,LOW,no,no,community_report
INC-0716,2025-03-23 19:52:00,Saddar,24.860286,67.030648,19,Sunday,phone_snatching,HIGH,no,no,community_report
INC-1333,2025-03-23 22:24:00,FB Area,24.955969,67.104898,22,Sunday,signal_robbery,MEDIUM,yes,no,community_report
INC-0679,2025-03-24 19:59:00,Malir,24.89881,67.227651,19,Monday,phone_snatching,MEDIUM,no,no,community_report
INC-0095,2025-03-24 20:04:00,Lyari,24.87502,67.01175,20,Monday,robbery,HIGH,no,no,community_report
INC-1875,2025-03-24 21:17:00,Model Colony,24.880032,67.148408,21,Monday,vehicle_theft,MEDIUM,no,no,community_report
INC-1586,2025-03-24 21:26:00,Zamzama,24.830506,67.074575,21,Monday,mugging,MEDIUM,no,no,community_report
INC-0751,2025-03-24 21:58:00,Saddar,24.862049,67.027693,21,Monday,phone_snatching,HIGH,no,no,community_report
INC-1427,2025-03-24 22:34:00,Gulistan-e-Jauhar,24.908988,67.217562,22,Monday,ride_hailing_incident,HIGH,no,yes,community_report
INC-0045,2025-03-25 01:16:00,Lyari,24.869511,67.014152,1,Tuesday,phone_snatching,MEDIUM,no,no,community_report
INC-0242,2025-03-25 16:08:00,Keamari,24.845236,66.991201,16,Tuesday,mugging,HIGH,no,no,community_report
INC-1007,2025-03-25 19:40:00,Gulshan-e-Iqbal,24.932027,67.136404,19,Tuesday,signal_robbery,LOW,yes,no,community_report
INC-1064,2025-03-26 12:57:00,Sohrab Goth,24.957985,67.077156,12,Wednesday,robbery,MEDIUM,no,no,community_report
INC-1479,2025-03-26 23:03:00,Clifton,24.821885,67.037816,23,Wednesday,vehicle_theft,LOW,no,yes,community_report
INC-1885,2025-03-27 09:06:00,Model Colony,24.884004,67.145623,9,Thursday,phone_snatching,HIGH,no,no,community_report
INC-1351,2025-03-27 23:01:00,FB Area,24.955946,67.105189,23,Thursday,mugging,HIGH,no,yes,community_report
INC-1783,2025-03-28 13:26:00,Soldier Bazaar,24.889744,67.028615,13,Friday,mugging,LOW,no,yes,community_report
INC-0816,2025-03-28 20:06:00,Teen Talwar,24.829349,67.031428,20,Friday,signal_robbery,HIGH,no,yes,community_report
INC-0667,2025-03-29 19:28:00,Malir,24.898396,67.227326,19,Saturday,vehicle_theft,LOW,no,yes,community_report
INC-1249,2025-03-29 20:03:00,Garden West,24.879365,67.018757,20,Saturday,phone_snatching,HIGH,no,yes,community_report
INC-1239,2025-03-29 20:04:00,Garden West,24.876856,67.02266,20,Saturday,mugging,LOW,no,yes,community_report
INC-0388,2025-03-29 20:16:00,Liaquatabad,24.904366,67.033074,20,Saturday,mugging,HIGH,no,yes,community_report
INC-0112,2025-03-29 20:32:00,Orangi Town,24.964044,67.018583,20,Saturday,phone_snatching,HIGH,no,yes,community_report
INC-0344,2025-03-29 22:23:00,Baloch Colony,24.86403,67.075959,22,Saturday,mugging,MEDIUM,no,no,community_report
INC-0460,2025-03-30 01:44:00,Landhi,24.849883,67.357565,1,Sunday,mugging,MEDIUM,no,yes,community_report
INC-0651,2025-03-30 19:42:00,Malir,24.893889,67.228363,19,Sunday,mugging,HIGH,no,no,community_report
INC-0811,2025-03-30 22:53:00,Teen Talwar,24.82905,67.034416,22,Sunday,mugging,MEDIUM,no,yes,community_report
INC-0597,2025-03-30 22:56:00,SITE Industrial Area,24.930624,67.002406,22,Sunday,robbery,LOW,no,no,community_report
INC-1149,2025-03-31 08:23:00,Superhighway,24.97705,67.151523,8,Monday,robbery,LOW,no,no,community_report
INC-0076,2025-03-31 09:34:00,Lyari,24.870877,67.013402,9,Monday,robbery,HIGH,yes,yes,community_report
INC-1033,2025-03-31 13:44:00,Gulshan-e-Iqbal,24.928046,67.134861,13,Monday,mugging,LOW,no,yes,community_report
INC-0864,2025-03-31 13:53:00,Hassan Square,24.900876,67.071512,13,Monday,signal_robbery,MEDIUM,yes,no,community_report
INC-0602,2025-03-31 21:05:00,SITE Industrial Area,24.927796,66.999824,21,Monday,robbery,HIGH,yes,yes,community_report
INC-0575,2025-03-31 21:35:00,SITE Industrial Area,24.92903,66.99779,21,Monday,robbery,MEDIUM,no,yes,community_report
INC-0292,2025-03-31 22:15:00,Baloch Colony,24.862198,67.075974,22,Monday,signal_robbery,HIGH,yes,yes,community_report
INC-0453,2025-03-31 23:01:00,Landhi,24.852195,67.358136,23,Monday,vehicle_theft,HIGH,no,no,community_report
INC-1622,2025-04-01 10:30:00,Guru Mandir,24.86652,67.017686,10,Tuesday,phone_snatching,HIGH,no,no,community_report
INC-1646,2025-04-01 16:30:00,Guru Mandir,24.866506,67.017528,16,Tuesday,mugging,MEDIUM,no,no,community_report
INC-0416,2025-04-01 18:28:00,Liaquatabad,24.906714,67.036093,18,Tuesday,phone_snatching,MEDIUM,no,no,community_report
INC-1578,2025-04-02 15:10:00,Zamzama,24.82824,67.07385,15,Wednesday,mugging,MEDIUM,no,yes,community_report
INC-0657,2025-04-02 17:35:00,Malir,24.898622,67.228889,17,Wednesday,mugging,LOW,no,no,community_report
INC-1790,2025-04-02 21:32:00,Soldier Bazaar,24.884931,67.027846,21,Wednesday,phone_snatching,MEDIUM,no,no,community_report
INC-0934,2025-04-02 22:11:00,North Nazimabad,24.948434,67.054222,22,Wednesday,mugging,MEDIUM,no,no,community_report
INC-1408,2025-04-02 23:30:00,Gulistan-e-Jauhar,24.911897,67.222219,23,Wednesday,ride_hailing_incident,LOW,no,no,community_report
INC-1761,2025-04-03 19:54:00,Soldier Bazaar,24.887431,67.026409,19,Thursday,mugging,MEDIUM,no,yes,community_report
INC-1628,2025-04-03 20:41:00,Guru Mandir,24.867257,67.017697,20,Thursday,mugging,HIGH,no,no,community_report
INC-1873,2025-04-03 20:57:00,Model Colony,24.881575,67.147151,20,Thursday,mugging,LOW,no,yes,community_report
INC-1387,2025-04-03 21:24:00,Gulistan-e-Jauhar,24.909346,67.222762,21,Thursday,phone_snatching,HIGH,no,yes,community_report
INC-1350,2025-04-03 21:36:00,FB Area,24.953856,67.102176,21,Thursday,mugging,MEDIUM,no,no,community_report
INC-1169,2025-04-03 23:06:00,Superhighway,24.980523,67.151251,23,Thursday,robbery,MEDIUM,yes,no,community_report
INC-0258,2025-04-03 23:31:00,Keamari,24.84284,66.991354,23,Thursday,mugging,HIGH,no,no,community_report
INC-0417,2025-04-04 21:47:00,Liaquatabad,24.904302,67.033391,21,Friday,phone_snatching,HIGH,no,no,community_report
INC-1240,2025-04-04 21:54:00,Garden West,24.880864,67.019276,21,Friday,mugging,MEDIUM,no,no,community_report
INC-1136,2025-04-04 23:48:00,Superhighway,24.980986,67.151202,23,Friday,robbery,LOW,yes,no,community_report
INC-1698,2025-04-05 16:11:00,Nagan Chowrangi,24.939671,67.087786,16,Saturday,signal_robbery,HIGH,yes,no,community_report
INC-1294,2025-04-05 21:55:00,Nazimabad,24.922395,67.033399,21,Saturday,phone_snatching,MEDIUM,no,no,community_report
INC-0843,2025-04-05 22:25:00,Teen Talwar,24.83176,67.033714,22,Saturday,mugging,HIGH,no,yes,community_report
INC-0690,2025-04-06 19:17:00,Malir,24.896044,67.2319,19,Sunday,mugging,MEDIUM,no,no,community_report
INC-1044,2025-04-06 20:22:00,Gulshan-e-Iqbal,24.929616,67.132034,20,Sunday,signal_robbery,MEDIUM,yes,no,community_report
INC-0337,2025-04-06 20:28:00,Baloch Colony,24.865316,67.074056,20,Sunday,signal_robbery,HIGH,no,yes,community_report
INC-0233,2025-04-06 22:05:00,Keamari,24.847295,66.989949,22,Sunday,robbery,HIGH,yes,no,community_report
INC-0894,2025-04-07 19:46:00,Hassan Square,24.899666,67.070417,19,Monday,signal_robbery,MEDIUM,yes,no,community_report
INC-1241,2025-04-07 19:47:00,Garden West,24.87674,67.020017,19,Monday,robbery,MEDIUM,no,no,community_report
INC-0869,2025-04-07 20:08:00,Hassan Square,24.900159,67.074631,20,Monday,mugging,MEDIUM,no,no,community_report
INC-0127,2025-04-07 20:35:00,Orangi Town,24.963284,67.021957,20,Monday,mugging,HIGH,no,no,community_report
INC-0532,2025-04-07 21:44:00,Korangi,24.826772,67.137428,21,Monday,robbery,HIGH,no,no,community_report
INC-0458,2025-04-08 01:56:00,Landhi,24.847832,67.358202,1,Tuesday,mugging,HIGH,no,no,community_report
INC-0591,2025-04-08 09:48:00,SITE Industrial Area,24.932384,67.002194,9,Tuesday,mugging,MEDIUM,no,no,community_report
INC-1703,2025-04-08 14:31:00,Nagan Chowrangi,24.940176,67.087329,14,Tuesday,phone_snatching,MEDIUM,no,no,community_report
INC-1318,2025-04-08 21:00:00,FB Area,24.956984,67.107835,21,Tuesday,mugging,HIGH,no,no,community_report
INC-1730,2025-04-08 21:34:00,Nagan Chowrangi,24.942146,67.086241,21,Tuesday,mugging,MEDIUM,no,no,community_report
INC-1879,2025-04-08 21:49:00,Model Colony,24.884182,67.149318,21,Tuesday,mugging,MEDIUM,no,no,community_report
INC-1430,2025-04-08 23:14:00,Gulistan-e-Jauhar,24.909477,67.218028,23,Tuesday,ride_hailing_incident,MEDIUM,no,yes,community_report
INC-0826,2025-04-09 22:42:00,Teen Talwar,24.831392,67.029797,22,Wednesday,phone_snatching,HIGH,no,no,community_report
INC-1139,2025-04-09 22:52:00,Superhighway,24.977968,67.148685,22,Wednesday,vehicle_theft,MEDIUM,no,yes,community_report
INC-1137,2025-04-09 23:14:00,Superhighway,24.982808,67.149049,23,Wednesday,robbery,MEDIUM,yes,no,community_report
INC-0426,2025-04-10 18:52:00,Liaquatabad,24.902676,67.035931,18,Thursday,phone_snatching,HIGH,no,no,community_report
INC-1725,2025-04-10 22:24:00,Nagan Chowrangi,24.940897,67.086815,22,Thursday,signal_robbery,HIGH,yes,no,community_report
INC-1415,2025-04-10 23:21:00,Gulistan-e-Jauhar,24.910489,67.218401,23,Thursday,phone_snatching,LOW,no,yes,community_report
INC-0268,2025-04-11 00:44:00,Keamari,24.847261,66.990909,0,Friday,robbery,MEDIUM,yes,yes,community_report
INC-1896,2025-04-12 20:16:00,Model Colony,24.882602,67.146396,20,Saturday,mugging,LOW,no,no,community_report
INC-0387,2025-04-12 20:57:00,Liaquatabad,24.904319,67.035496,20,Saturday,robbery,HIGH,no,no,community_report
INC-0525,2025-04-12 22:24:00,Korangi,24.827549,67.137616,22,Saturday,mugging,MEDIUM,no,yes,community_report
INC-0203,2025-04-12 23:24:00,Keamari,24.845121,66.988526,23,Saturday,robbery,HIGH,no,no,community_report
INC-1138,2025-04-13 00:51:00,Superhighway,24.982996,67.14747,0,Sunday,vehicle_theft,MEDIUM,no,no,community_report
INC-1526,2025-04-13 01:01:00,DHA Phase 1,24.806485,67.060701,1,Sunday,vehicle_theft,LOW,no,yes,community_report
INC-1876,2025-04-13 11:59:00,Model Colony,24.883702,67.148366,11,Sunday,mugging,MEDIUM,no,no,community_report
INC-1724,2025-04-13 22:34:00,Nagan Chowrangi,24.939212,67.086166,22,Sunday,mugging,HIGH,no,yes,community_report
INC-1643,2025-04-14 20:36:00,Guru Mandir,24.865329,67.01794,20,Monday,phone_snatching,HIGH,no,no,community_report
INC-1830,2025-04-15 00:54:00,Malir Cantonment,24.875601,67.202895,0,Tuesday,mugging,LOW,no,no,community_report
INC-0299,2025-04-15 11:39:00,Baloch Colony,24.861428,67.072995,11,Tuesday,mugging,MEDIUM,no,no,community_report
INC-0032,2025-04-15 14:56:00,Lyari,24.873616,67.013444,14,Tuesday,robbery,MEDIUM,no,yes,community_report
INC-1834,2025-04-15 20:17:00,Malir Cantonment,24.875787,67.206853,20,Tuesday,vehicle_theft,LOW,no,yes,community_report
INC-0273,2025-04-15 21:48:00,Keamari,24.844974,66.987215,21,Tuesday,robbery,HIGH,yes,no,community_report
INC-0627,2025-04-15 22:23:00,SITE Industrial Area,24.932584,66.99946,22,Tuesday,robbery,HIGH,no,yes,community_report
INC-0724,2025-04-16 17:33:00,Saddar,24.86442,67.028344,17,Wednesday,mugging,MEDIUM,no,no,community_report
INC-0564,2025-04-16 17:34:00,Korangi,24.824538,67.142741,17,Wednesday,mugging,HIGH,no,no,community_report
INC-1664,2025-04-16 19:40:00,Guru Mandir,24.865235,67.013481,19,Wednesday,mugging,HIGH,no,no,community_report
INC-1226,2025-04-17 21:52:00,Garden West,24.880392,67.018186,21,Thursday,phone_snatching,LOW,no,yes,community_report
INC-0991,2025-04-17 22:15:00,North Nazimabad,24.948712,67.055039,22,Thursday,phone_snatching,MEDIUM,no,no,community_report
INC-0807,2025-04-17 22:25:00,Teen Talwar,24.831919,67.032781,22,Thursday,phone_snatching,MEDIUM,no,no,community_report
INC-0151,2025-04-17 22:35:00,Orangi Town,24.966216,67.021454,22,Thursday,robbery,HIGH,no,no,community_report
INC-1293,2025-04-18 12:08:00,Nazimabad,24.918737,67.03463,12,Friday,mugging,HIGH,no,no,community_report
INC-1362,2025-04-18 21:06:00,FB Area,24.953821,67.105871,21,Friday,phone_snatching,MEDIUM,no,yes,community_report
INC-0699,2025-04-18 21:17:00,Malir,24.896883,67.229145,21,Friday,mugging,MEDIUM,no,yes,community_report
INC-0248,2025-04-18 22:10:00,Keamari,24.84352,66.992986,22,Friday,mugging,MEDIUM,no,yes,community_report
INC-1284,2025-04-19 21:10:00,Nazimabad,24.918778,67.033391,21,Saturday,mugging,LOW,no,no,community_report
INC-0093,2025-04-21 01:42:00,Lyari,24.873021,67.014363,1,Monday,robbery,HIGH,yes,no,community_report
INC-0565,2025-04-21 21:21:00,Korangi,24.82731,67.14022,21,Monday,mugging,MEDIUM,no,no,community_report
INC-1731,2025-04-21 21:26:00,Nagan Chowrangi,24.941291,67.084836,21,Monday,signal_robbery,LOW,no,no,community_report
INC-0649,2025-04-22 21:57:00,Malir,24.894245,67.229992,21,Tuesday,mugging,MEDIUM,no,yes,community_report
INC-1590,2025-04-22 23:47:00,Zamzama,24.826799,67.077674,23,Tuesday,mugging,LOW,no,no,community_report
INC-0435,2025-04-23 00:59:00,Landhi,24.847205,67.361041,0,Wednesday,mugging,HIGH,no,no,community_report
INC-1442,2025-04-23 17:53:00,PECHS,24.87762,67.079067,17,Wednesday,vehicle_theft,LOW,no,yes,community_report
INC-1280,2025-04-23 20:23:00,Nazimabad,24.917309,67.037372,20,Wednesday,mugging,HIGH,no,no,community_report
INC-0666,2025-04-23 20:51:00,Malir,24.894963,67.230681,20,Wednesday,mugging,HIGH,no,yes,community_report
INC-0304,2025-04-23 21:18:00,Baloch Colony,24.866857,67.07289,21,Wednesday,phone_snatching,HIGH,no,yes,community_report
INC-0381,2025-04-24 12:51:00,Liaquatabad,24.906193,67.036334,12,Thursday,phone_snatching,MEDIUM,no,no,community_report
INC-1183,2025-04-24 13:37:00,Superhighway,24.982549,67.151739,13,Thursday,carjacking,HIGH,no,no,community_report
INC-0528,2025-04-24 15:06:00,Korangi,24.822035,67.142686,15,Thursday,phone_snatching,MEDIUM,no,no,community_report
INC-0738,2025-04-24 16:19:00,Saddar,24.859927,67.025314,16,Thursday,phone_snatching,HIGH,no,yes,community_report
INC-1342,2025-04-24 21:37:00,FB Area,24.957598,67.103517,21,Thursday,phone_snatching,LOW,no,no,community_report
INC-0748,2025-04-25 20:12:00,Saddar,24.8599,67.028428,20,Friday,phone_snatching,LOW,no,no,community_report
INC-1409,2025-04-25 22:01:00,Gulistan-e-Jauhar,24.907521,67.220386,22,Friday,phone_snatching,MEDIUM,no,no,community_report
INC-0193,2025-04-25 22:19:00,Keamari,24.847499,66.989775,22,Friday,robbery,HIGH,no,no,community_report
INC-0865,2025-04-25 22:40:00,Hassan Square,24.898665,67.07496,22,Friday,signal_robbery,MEDIUM,no,no,community_report
INC-1309,2025-04-26 19:36:00,Nazimabad,24.920431,67.032305,19,Saturday,robbery,HIGH,yes,yes,community_report
INC-0192,2025-04-26 21:53:00,Keamari,24.84459,66.987992,21,Saturday,mugging,HIGH,no,yes,community_report
INC-1413,2025-04-26 23:02:00,Gulistan-e-Jauhar,24.909444,67.220094,23,Saturday,ride_hailing_incident,LOW,no,no,community_report
INC-0949,2025-04-26 23:18:00,North Nazimabad,24.949201,67.052263,23,Saturday,phone_snatching,MEDIUM,no,no,community_report
INC-1855,2025-04-27 00:05:00,Malir Cantonment,24.877816,67.204238,0,Sunday,mugging,LOW,no,yes,community_report
INC-0653,2025-04-27 19:59:00,Malir,24.8966,67.229672,19,Sunday,vehicle_theft,HIGH,no,no,community_report
INC-1323,2025-04-27 21:00:00,FB Area,24.952805,67.107139,21,Sunday,phone_snatching,HIGH,no,no,community_report
INC-0643,2025-04-27 21:04:00,Malir,24.897518,67.229856,21,Sunday,mugging,HIGH,no,yes,community_report
INC-0049,2025-04-28 23:03:00,Lyari,24.870654,67.009407,23,Monday,mugging,HIGH,no,no,community_report
INC-0202,2025-04-29 15:07:00,Keamari,24.847406,66.992313,15,Tuesday,robbery,HIGH,yes,no,community_report
INC-0636,2025-04-29 22:12:00,SITE Industrial Area,24.930709,67.00247,22,Tuesday,mugging,MEDIUM,no,no,community_report
INC-0164,2025-04-30 20:28:00,Orangi Town,24.965063,67.018001,20,Wednesday,phone_snatching,MEDIUM,no,no,community_report
INC-1750,2025-04-30 21:09:00,Nagan Chowrangi,24.942187,67.087127,21,Wednesday,signal_robbery,HIGH,yes,no,community_report
INC-1727,2025-04-30 22:02:00,Nagan Chowrangi,24.939097,67.086195,22,Wednesday,signal_robbery,MEDIUM,yes,no,community_report
INC-1717,2025-05-01 19:30:00,Nagan Chowrangi,24.943901,67.083856,19,Thursday,phone_snatching,HIGH,no,no,community_report
INC-1282,2025-05-01 19:52:00,Nazimabad,24.919129,67.035352,19,Thursday,mugging,MEDIUM,no,no,community_report
INC-0432,2025-05-01 22:36:00,Landhi,24.851713,67.359487,22,Thursday,mugging,HIGH,no,no,community_report
INC-1220,2025-05-02 19:48:00,Garden West,24.879938,67.020777,19,Friday,mugging,MEDIUM,no,yes,community_report
INC-0366,2025-05-02 20:25:00,Liaquatabad,24.905289,67.036426,20,Friday,phone_snatching,MEDIUM,no,no,community_report
INC-1245,2025-05-02 20:35:00,Garden West,24.878078,67.019056,20,Friday,mugging,MEDIUM,no,no,community_report
INC-1071,2025-05-03 16:09:00,Sohrab Goth,24.956407,67.07812,16,Saturday,mugging,MEDIUM,no,no,community_report
INC-1286,2025-05-03 21:07:00,Nazimabad,24.917783,67.037755,21,Saturday,mugging,LOW,no,no,community_report
INC-0103,2025-05-03 21:19:00,Orangi Town,24.964615,67.019615,21,Saturday,robbery,HIGH,no,no,community_report
INC-1357,2025-05-03 22:37:00,FB Area,24.955151,67.106042,22,Saturday,phone_snatching,MEDIUM,no,no,community_report
INC-0287,2025-05-04 11:55:00,Baloch Colony,24.863642,67.074412,11,Sunday,signal_robbery,HIGH,no,no,community_report
INC-0908,2025-05-04 19:05:00,Hassan Square,24.897656,67.07385,19,Sunday,signal_robbery,HIGH,yes,no,community_report
INC-1016,2025-05-04 20:00:00,Gulshan-e-Iqbal,24.928527,67.132006,20,Sunday,phone_snatching,LOW,no,no,community_report
INC-0008,2025-05-04 21:00:00,Lyari,24.872029,67.010414,21,Sunday,robbery,HIGH,yes,no,community_report
INC-1658,2025-05-04 21:39:00,Guru Mandir,24.870176,67.018022,21,Sunday,mugging,LOW,no,no,community_report
INC-1133,2025-05-04 22:30:00,Superhighway,24.982753,67.148288,22,Sunday,vehicle_theft,MEDIUM,no,yes,community_report
INC-1141,2025-05-04 23:26:00,Superhighway,24.980165,67.147547,23,Sunday,vehicle_theft,HIGH,no,no,community_report
INC-1271,2025-05-05 21:41:00,Nazimabad,24.918344,67.035526,21,Monday,mugging,LOW,no,no,community_report
INC-1093,2025-05-06 00:31:00,Sohrab Goth,24.958754,67.077372,0,Tuesday,robbery,HIGH,yes,yes,community_report
INC-0953,2025-05-06 13:55:00,North Nazimabad,24.950031,67.057379,13,Tuesday,mugging,LOW,no,yes,community_report
INC-0742,2025-05-06 17:29:00,Saddar,24.86166,67.030842,17,Tuesday,phone_snatching,HIGH,no,no,community_report
INC-0721,2025-05-06 21:34:00,Saddar,24.863515,67.026956,21,Tuesday,pickpocketing,MEDIUM,no,no,community_report
INC-1880,2025-05-06 21:36:00,Model Colony,24.880288,67.145659,21,Tuesday,mugging,LOW,no,no,community_report
INC-0764,2025-05-07 09:45:00,Saddar,24.863042,67.026864,9,Wednesday,mugging,MEDIUM,no,yes,community_report
INC-1298,2025-05-07 17:31:00,Nazimabad,24.920269,67.034459,17,Wednesday,robbery,HIGH,no,no,community_report
INC-1410,2025-05-07 21:13:00,Gulistan-e-Jauhar,24.907331,67.217088,21,Wednesday,ride_hailing_incident,MEDIUM,no,no,community_report
INC-0493,2025-05-07 21:45:00,Landhi,24.851617,67.357428,21,Wednesday,vehicle_theft,HIGH,no,no,community_report
INC-0464,2025-05-07 22:39:00,Landhi,24.847997,67.358955,22,Wednesday,robbery,MEDIUM,no,no,community_report
INC-0052,2025-05-08 01:12:00,Lyari,24.872279,67.013172,1,Thursday,phone_snatching,HIGH,no,no,community_report
INC-0841,2025-05-08 17:24:00,Teen Talwar,24.831117,67.032848,17,Thursday,phone_snatching,MEDIUM,no,no,community_report
INC-0467,2025-05-08 20:16:00,Landhi,24.851181,67.358931,20,Thursday,mugging,HIGH,no,yes,community_report
INC-0503,2025-05-08 22:07:00,Korangi,24.827798,67.138618,22,Thursday,mugging,HIGH,no,no,community_report
INC-1686,2025-05-09 19:39:00,Guru Mandir,24.870548,67.018676,19,Friday,robbery,LOW,yes,no,community_report
INC-1311,2025-05-09 19:40:00,Nazimabad,24.922916,67.033351,19,Friday,robbery,MEDIUM,yes,yes,community_report
INC-0595,2025-05-09 21:14:00,SITE Industrial Area,24.931735,67.00051,21,Friday,vehicle_theft,MEDIUM,no,no,community_report
INC-0812,2025-05-09 21:22:00,Teen Talwar,24.830745,67.031265,21,Friday,phone_snatching,MEDIUM,no,yes,community_report
INC-1519,2025-05-09 23:41:00,DHA Phase 1,24.802974,67.060298,23,Friday,vehicle_theft,LOW,no,no,community_report
INC-1852,2025-05-10 10:56:00,Malir Cantonment,24.876844,67.205699,10,Saturday,vehicle_theft,MEDIUM,no,no,community_report
INC-0703,2025-05-10 20:05:00,Malir,24.894522,67.22747,20,Saturday,mugging,HIGH,no,no,community_report
INC-1874,2025-05-10 20:27:00,Model Colony,24.882155,67.146344,20,Saturday,mugging,HIGH,no,no,community_report
INC-0646,2025-05-10 20:30:00,Malir,24.895414,67.229978,20,Saturday,mugging,MEDIUM,no,yes,community_report
INC-0567,2025-05-10 21:18:00,Korangi,24.827227,67.141,21,Saturday,robbery,HIGH,no,no,community_report
INC-1752,2025-05-10 22:34:00,Nagan Chowrangi,24.939409,67.087854,22,Saturday,mugging,HIGH,no,yes,community_report
INC-0390,2025-05-11 20:37:00,Liaquatabad,24.902328,67.033825,20,Sunday,robbery,HIGH,yes,no,community_report
INC-1492,2025-05-11 22:34:00,Clifton,24.823905,67.037437,22,Sunday,phone_snatching,MEDIUM,no,no,community_report
INC-0053,2025-05-11 23:25:00,Lyari,24.871713,67.011669,23,Sunday,mugging,HIGH,no,yes,community_report
INC-0497,2025-05-12 14:39:00,Landhi,24.848888,67.362195,14,Monday,vehicle_theft,HIGH,no,yes,community_report
INC-0861,2025-05-12 20:26:00,Hassan Square,24.896309,67.071888,20,Monday,signal_robbery,LOW,no,yes,community_report
INC-0863,2025-05-12 21:46:00,Hassan Square,24.897136,67.074757,21,Monday,signal_robbery,LOW,no,no,community_report
INC-0943,2025-05-12 23:01:00,North Nazimabad,24.947733,67.054885,23,Monday,mugging,MEDIUM,no,yes,community_report
INC-1522,2025-05-13 01:00:00,DHA Phase 1,24.802892,67.061789,1,Tuesday,mugging,LOW,no,no,community_report
INC-1103,2025-05-13 10:55:00,Sohrab Goth,24.958568,67.078056,10,Tuesday,mugging,HIGH,no,yes,community_report
INC-1662,2025-05-13 12:19:00,Guru Mandir,24.866211,67.013845,12,Tuesday,phone_snatching,HIGH,no,no,community_report
INC-1864,2025-05-13 21:35:00,Model Colony,24.88134,67.150039,21,Tuesday,mugging,MEDIUM,no,yes,community_report
INC-0818,2025-05-14 12:49:00,Teen Talwar,24.829498,67.031681,12,Wednesday,phone_snatching,MEDIUM,no,no,community_report
INC-1326,2025-05-14 21:09:00,FB Area,24.955625,67.10397,21,Wednesday,phone_snatching,HIGH,no,yes,community_report
INC-0215,2025-05-15 08:05:00,Keamari,24.847729,66.9894,8,Thursday,robbery,HIGH,yes,no,community_report
INC-1592,2025-05-15 17:07:00,Zamzama,24.829723,67.072969,17,Thursday,mugging,LOW,no,no,community_report
INC-0658,2025-05-15 20:31:00,Malir,24.897627,67.23176,20,Thursday,mugging,MEDIUM,no,no,community_report
INC-0050,2025-05-15 20:57:00,Lyari,24.873177,67.01026,20,Thursday,mugging,HIGH,no,no,community_report
INC-1777,2025-05-15 21:24:00,Soldier Bazaar,24.886052,67.02905,21,Thursday,phone_snatching,LOW,no,no,community_report
INC-0498,2025-05-16 10:27:00,Landhi,24.850962,67.357229,10,Friday,vehicle_theft,MEDIUM,no,no,community_report
INC-0316,2025-05-16 10:33:00,Baloch Colony,24.861197,67.073283,10,Friday,signal_robbery,HIGH,yes,no,community_report
INC-0482,2025-05-16 22:46:00,Landhi,24.847394,67.360202,22,Friday,robbery,MEDIUM,yes,no,community_report
INC-1589,2025-05-16 22:46:00,Zamzama,24.827415,67.074558,22,Friday,phone_snatching,LOW,no,no,community_report
INC-0582,2025-05-17 15:36:00,SITE Industrial Area,24.929958,67.002627,15,Saturday,vehicle_theft,MEDIUM,no,no,community_report
INC-0940,2025-05-17 20:25:00,North Nazimabad,24.951815,67.052617,20,Saturday,mugging,MEDIUM,no,yes,community_report
INC-0768,2025-05-17 21:12:00,Saddar,24.862072,67.029641,21,Saturday,pickpocketing,LOW,no,no,community_report
INC-0181,2025-05-17 21:52:00,Orangi Town,24.966434,67.01765,21,Saturday,mugging,MEDIUM,no,no,community_report
INC-1132,2025-05-17 22:48:00,Superhighway,24.982595,67.148777,22,Saturday,vehicle_theft,MEDIUM,no,yes,community_report
INC-1509,2025-05-17 23:05:00,Clifton,24.821644,67.033344,23,Saturday,mugging,LOW,no,no,community_report
INC-1338,2025-05-17 23:06:00,FB Area,24.955296,67.105952,23,Saturday,phone_snatching,MEDIUM,no,no,community_report
INC-1594,2025-05-17 23:06:00,Zamzama,24.830003,67.077933,23,Saturday,mugging,MEDIUM,no,no,community_report
INC-1230,2025-05-18 21:15:00,Garden West,24.879402,67.017524,21,Sunday,phone_snatching,HIGH,no,no,community_report
INC-0628,2025-05-18 21:35:00,SITE Industrial Area,24.930124,67.000175,21,Sunday,vehicle_theft,LOW,no,no,community_report
INC-1548,2025-05-19 00:50:00,DHA Phase 1,24.804963,67.062431,0,Monday,mugging,MEDIUM,no,no,community_report
INC-0985,2025-05-19 20:02:00,North Nazimabad,24.950723,67.055168,20,Monday,phone_snatching,MEDIUM,no,yes,community_report
INC-0965,2025-05-19 21:26:00,North Nazimabad,24.951298,67.05209,21,Monday,mugging,LOW,no,no,community_report
INC-0012,2025-05-19 21:31:00,Lyari,24.870372,67.009752,21,Monday,robbery,LOW,no,no,community_report
INC-0731,2025-05-19 21:32:00,Saddar,24.859536,67.026812,21,Monday,phone_snatching,MEDIUM,no,no,community_report
INC-0858,2025-05-19 22:06:00,Teen Talwar,24.829657,67.033597,22,Monday,phone_snatching,LOW,no,no,community_report
INC-1331,2025-05-19 22:37:00,FB Area,24.955325,67.106878,22,Monday,mugging,MEDIUM,no,no,community_report
INC-0735,2025-05-20 16:39:00,Saddar,24.864919,67.029466,16,Tuesday,pickpocketing,HIGH,no,no,community_report
INC-1217,2025-05-20 19:25:00,Garden West,24.878436,67.018771,19,Tuesday,mugging,MEDIUM,no,no,community_report
INC-0680,2025-05-20 20:14:00,Malir,24.898295,67.228613,20,Tuesday,mugging,MEDIUM,no,no,community_report
INC-0845,2025-05-20 21:05:00,Teen Talwar,24.829763,67.03208,21,Tuesday,phone_snatching,MEDIUM,no,no,community_report
INC-0603,2025-05-20 21:51:00,SITE Industrial Area,24.927294,67.001244,21,Tuesday,vehicle_theft,MEDIUM,no,no,community_report
INC-1530,2025-05-21 15:39:00,DHA Phase 1,24.803313,67.05889,15,Wednesday,vehicle_theft,LOW,no,no,community_report
INC-0132,2025-05-21 22:13:00,Orangi Town,24.962442,67.017342,22,Wednesday,robbery,HIGH,no,no,community_report
INC-1570,2025-05-21 23:48:00,DHA Phase 5,24.811726,67.091706,23,Wednesday,mugging,LOW,no,yes,community_report
INC-0926,2025-05-22 11:10:00,Hassan Square,24.898062,67.074468,11,Thursday,phone_snatching,HIGH,no,no,community_report
INC-0118,2025-05-22 16:47:00,Orangi Town,24.962618,67.017658,16,Thursday,mugging,MEDIUM,no,yes,community_report
INC-0243,2025-05-23 09:55:00,Keamari,24.842635,66.987894,9,Friday,mugging,HIGH,no,no,community_report
INC-0315,2025-05-23 21:23:00,Baloch Colony,24.866202,67.076037,21,Friday,signal_robbery,HIGH,no,no,community_report
INC-0837,2025-05-23 23:17:00,Teen Talwar,24.83174,67.033523,23,Friday,phone_snatching,LOW,no,yes,community_report
INC-1274,2025-05-24 10:24:00,Nazimabad,24.922111,67.033246,10,Saturday,mugging,MEDIUM,no,yes,community_report
INC-1360,2025-05-24 21:14:00,FB Area,24.952142,67.103327,21,Saturday,phone_snatching,HIGH,no,no,community_report
INC-1227,2025-05-25 09:58:00,Garden West,24.878975,67.02045,9,Sunday,mugging,LOW,no,no,community_report
INC-1232,2025-05-25 14:37:00,Garden West,24.878916,67.022402,14,Sunday,mugging,HIGH,no,no,community_report
INC-0166,2025-05-25 15:16:00,Orangi Town,24.965228,67.021411,15,Sunday,robbery,HIGH,no,yes,community_report
INC-0475,2025-05-25 19:26:00,Landhi,24.847386,67.357663,19,Sunday,vehicle_theft,MEDIUM,no,yes,community_report
INC-1406,2025-05-26 21:34:00,Gulistan-e-Jauhar,24.911297,67.218046,21,Monday,ride_hailing_incident,LOW,no,yes,community_report
INC-0606,2025-05-26 22:39:00,SITE Industrial Area,24.931153,67.001798,22,Monday,vehicle_theft,MEDIUM,no,no,community_report
INC-0822,2025-05-27 10:26:00,Teen Talwar,24.827606,67.029871,10,Tuesday,signal_robbery,HIGH,yes,no,community_report
INC-1402,2025-05-27 21:51:00,Gulistan-e-Jauhar,24.908592,67.217616,21,Tuesday,ride_hailing_incident,LOW,no,no,community_report
INC-1670,2025-05-27 21:53:00,Guru Mandir,24.868178,67.015917,21,Tuesday,mugging,MEDIUM,no,no,community_report
INC-0853,2025-05-28 20:57:00,Teen Talwar,24.83129,67.033483,20,Wednesday,phone_snatching,HIGH,no,yes,community_report
INC-0927,2025-05-28 23:36:00,North Nazimabad,24.947948,67.053356,23,Wednesday,mugging,LOW,no,no,community_report
INC-0668,2025-05-29 12:24:00,Malir,24.893942,67.231766,12,Thursday,vehicle_theft,LOW,no,yes,community_report
INC-0209,2025-05-29 14:31:00,Keamari,24.84527,66.98788,14,Thursday,robbery,LOW,yes,no,community_report
INC-0122,2025-05-29 19:38:00,Orangi Town,24.966448,67.020529,19,Thursday,phone_snatching,MEDIUM,no,no,community_report
INC-0790,2025-05-30 20:16:00,Teen Talwar,24.827789,67.034324,20,Friday,phone_snatching,LOW,no,no,community_report
INC-0867,2025-05-30 21:09:00,Hassan Square,24.896051,67.070502,21,Friday,signal_robbery,MEDIUM,no,yes,community_report
INC-0952,2025-05-31 23:03:00,North Nazimabad,24.948558,67.053272,23,Saturday,phone_snatching,MEDIUM,no,no,community_report
INC-1517,2025-06-01 01:55:00,DHA Phase 1,24.8067,67.059726,1,Sunday,phone_snatching,HIGH,no,no,community_report
INC-0183,2025-06-01 13:24:00,Orangi Town,24.966074,67.022766,13,Sunday,mugging,LOW,no,yes,community_report
INC-0135,2025-06-01 22:29:00,Orangi Town,24.96663,67.01857,22,Sunday,phone_snatching,MEDIUM,no,no,community_report
INC-0577,2025-06-01 22:55:00,SITE Industrial Area,24.93188,66.999284,22,Sunday,robbery,MEDIUM,no,no,community_report
INC-1588,2025-06-01 23:22:00,Zamzama,24.829833,67.074499,23,Sunday,phone_snatching,LOW,no,yes,community_report
INC-0617,2025-06-02 13:26:00,SITE Industrial Area,24.929544,67.001808,13,Monday,vehicle_theft,MEDIUM,no,yes,community_report
INC-1023,2025-06-02 20:38:00,Gulshan-e-Iqbal,24.930904,67.135391,20,Monday,signal_robbery,HIGH,no,no,community_report
INC-1341,2025-06-02 21:09:00,FB Area,24.952832,67.105285,21,Monday,phone_snatching,MEDIUM,no,no,community_report
INC-1348,2025-06-02 21:16:00,FB Area,24.956559,67.102822,21,Monday,signal_robbery,HIGH,no,no,community_report
INC-1378,2025-06-02 23:46:00,FB Area,24.955077,67.103926,23,Monday,phone_snatching,MEDIUM,no,yes,community_report
INC-0479,2025-06-03 00:15:00,Landhi,24.850951,67.357101,0,Tuesday,mugging,LOW,no,no,community_report
INC-1049,2025-06-03 09:55:00,Gulshan-e-Iqbal,24.932539,67.132695,9,Tuesday,signal_robbery,MEDIUM,yes,yes,community_report
INC-0091,2025-06-03 21:43:00,Lyari,24.874718,67.010045,21,Tuesday,robbery,HIGH,no,no,community_report
INC-0714,2025-06-03 21:52:00,Saddar,24.862922,67.029532,21,Tuesday,pickpocketing,MEDIUM,no,no,community_report
INC-1431,2025-06-03 23:42:00,Gulistan-e-Jauhar,24.912021,67.2186,23,Tuesday,phone_snatching,LOW,no,yes,community_report
INC-0290,2025-06-04 14:28:00,Baloch Colony,24.863588,67.074582,14,Wednesday,mugging,HIGH,no,no,community_report
INC-0789,2025-06-04 21:02:00,Teen Talwar,24.831383,67.033961,21,Wednesday,phone_snatching,HIGH,no,no,community_report
INC-0536,2025-06-04 22:58:00,Korangi,24.825075,67.139288,22,Wednesday,mugging,MEDIUM,no,no,community_report
INC-0827,2025-06-04 22:58:00,Teen Talwar,24.827154,67.035463,22,Wednesday,signal_robbery,HIGH,no,yes,community_report
INC-0630,2025-06-06 20:28:00,SITE Industrial Area,24.929913,67.002455,20,Friday,vehicle_theft,MEDIUM,no,no,community_report
INC-1313,2025-06-06 21:52:00,Nazimabad,24.920754,67.036069,21,Friday,mugging,HIGH,no,no,community_report
INC-0067,2025-06-07 01:04:00,Lyari,24.870885,67.013835,1,Saturday,robbery,HIGH,no,no,community_report
INC-1306,2025-06-07 21:14:00,Nazimabad,24.920698,67.036617,21,Saturday,phone_snatching,MEDIUM,no,no,community_report
INC-1102,2025-06-07 22:47:00,Sohrab Goth,24.957844,67.079273,22,Saturday,robbery,MEDIUM,yes,no,community_report
INC-1392,2025-06-07 23:00:00,Gulistan-e-Jauhar,24.910527,67.222966,23,Saturday,phone_snatching,MEDIUM,no,no,community_report
INC-0635,2025-06-08 13:41:00,SITE Industrial Area,24.929056,67.001537,13,Sunday,vehicle_theft,LOW,no,no,community_report
INC-0906,2025-06-08 14:53:00,Hassan Square,24.895404,67.074242,14,Sunday,phone_snatching,MEDIUM,no,no,community_report
INC-1681,2025-06-08 15:30:00,Guru Mandir,24.86567,67.018977,15,Sunday,phone_snatching,LOW,no,no,community_report
INC-1894,2025-06-08 16:01:00,Model Colony,24.881888,67.146047,16,Sunday,mugging,MEDIUM,no,no,community_report
INC-0262,2025-06-08 21:07:00,Keamari,24.843661,66.992215,21,Sunday,robbery,MEDIUM,no,no,community_report
INC-0705,2025-06-08 21:18:00,Malir,24.893286,67.228858,21,Sunday,mugging,MEDIUM,no,no,community_report
INC-1743,2025-06-08 21:32:00,Nagan Chowrangi,24.944555,67.087258,21,Sunday,signal_robbery,LOW,no,no,community_report
INC-1011,2025-06-08 22:32:00,Gulshan-e-Iqbal,24.932953,67.13723,22,Sunday,phone_snatching,MEDIUM,no,no,community_report
INC-0480,2025-06-09 00:27:00,Landhi,24.851927,67.358946,0,Monday,mugging,HIGH,no,yes,community_report
INC-0260,2025-06-09 16:32:00,Keamari,24.842972,66.991877,16,Monday,robbery,HIGH,no,yes,community_report
INC-0967,2025-06-09 20:06:00,North Nazimabad,24.947132,67.053767,20,Monday,phone_snatching,HIGH,no,no,community_report
INC-1460,2025-06-09 21:58:00,PECHS,24.873459,67.082463,21,Monday,vehicle_theft,HIGH,no,yes,community_report
INC-1046,2025-06-09 22:03:00,Gulshan-e-Iqbal,24.931101,67.135914,22,Monday,phone_snatching,LOW,no,yes,community_report
INC-1635,2025-06-10 19:11:00,Guru Mandir,24.869568,67.016466,19,Tuesday,phone_snatching,MEDIUM,no,no,community_report
INC-1185,2025-06-10 22:16:00,Superhighway,24.982368,67.152303,22,Tuesday,carjacking,MEDIUM,no,yes,community_report
INC-0074,2025-06-12 14:33:00,Lyari,24.873079,67.012032,14,Thursday,robbery,MEDIUM,no,no,community_report
INC-1780,2025-06-12 18:29:00,Soldier Bazaar,24.887996,67.029546,18,Thursday,phone_snatching,MEDIUM,no,no,community_report
INC-0739,2025-06-12 21:46:00,Saddar,24.864091,67.026055,21,Thursday,pickpocketing,HIGH,no,no,community_report
INC-1473,2025-06-14 18:25:00,PECHS,24.872997,67.081903,18,Saturday,phone_snatching,MEDIUM,no,no,community_report
INC-0809,2025-06-14 22:44:00,Teen Talwar,24.828931,67.03426,22,Saturday,signal_robbery,MEDIUM,yes,yes,community_report
INC-0185,2025-06-15 09:43:00,Orangi Town,24.964243,67.021735,9,Sunday,robbery,HIGH,yes,no,community_report
INC-1868,2025-06-15 20:12:00,Model Colony,24.880567,67.145486,20,Sunday,mugging,LOW,no,yes,community_report
INC-1859,2025-06-15 22:44:00,Malir Cantonment,24.878817,67.20511,22,Sunday,mugging,LOW,no,yes,community_report
INC-0939,2025-06-16 21:40:00,North Nazimabad,24.949751,67.057106,21,Monday,phone_snatching,HIGH,no,no,community_report
INC-0379,2025-06-16 23:41:00,Liaquatabad,24.904199,67.037167,23,Monday,mugging,LOW,no,no,community_report
INC-1505,2025-06-16 23:51:00,Clifton,24.81916,67.036385,23,Monday,mugging,HIGH,no,yes,community_report
INC-0265,2025-06-17 00:03:00,Keamari,24.845045,66.990094,0,Tuesday,robbery,HIGH,no,no,community_report
INC-1068,2025-06-17 10:54:00,Sohrab Goth,24.955297,67.076696,10,Tuesday,robbery,MEDIUM,yes,no,community_report
INC-0836,2025-06-17 15:05:00,Teen Talwar,24.831576,67.032611,15,Tuesday,phone_snatching,MEDIUM,no,no,community_report
INC-0753,2025-06-17 19:16:00,Saddar,24.863288,67.030734,19,Tuesday,phone_snatching,LOW,no,no,community_report
INC-0997,2025-06-17 19:59:00,Gulshan-e-Iqbal,24.932823,67.133141,19,Tuesday,mugging,MEDIUM,no,yes,community_report
INC-0370,2025-06-17 21:35:00,Liaquatabad,24.902475,67.035542,21,Tuesday,robbery,MEDIUM,no,no,community_report
INC-1591,2025-06-17 22:52:00,Zamzama,24.829851,67.072128,22,Tuesday,phone_snatching,LOW,no,yes,community_report
INC-1795,2025-06-17 23:10:00,Soldier Bazaar,24.88799,67.028978,23,Tuesday,mugging,MEDIUM,no,yes,community_report
INC-0851,2025-06-18 17:16:00,Teen Talwar,24.827119,67.034574,17,Wednesday,phone_snatching,HIGH,no,yes,community_report
INC-1857,2025-06-18 22:25:00,Malir Cantonment,24.878038,67.202447,22,Wednesday,vehicle_theft,HIGH,no,yes,community_report
INC-0357,2025-06-19 10:48:00,Liaquatabad,24.904418,67.034498,10,Thursday,phone_snatching,MEDIUM,no,no,community_report
INC-1745,2025-06-19 21:12:00,Nagan Chowrangi,24.940729,67.085561,21,Thursday,mugging,MEDIUM,no,no,community_report
INC-1119,2025-06-20 09:07:00,Sohrab Goth,24.954026,67.077058,9,Friday,robbery,MEDIUM,yes,no,community_report
INC-1865,2025-06-21 19:44:00,Model Colony,24.883136,67.146056,19,Saturday,phone_snatching,MEDIUM,no,no,community_report
INC-1297,2025-06-21 21:51:00,Nazimabad,24.918267,67.033873,21,Saturday,mugging,HIGH,no,yes,community_report
INC-1443,2025-06-21 22:02:00,PECHS,24.877987,67.079483,22,Saturday,phone_snatching,MEDIUM,no,yes,community_report
INC-0081,2025-06-22 01:33:00,Lyari,24.873088,67.010612,1,Sunday,phone_snatching,HIGH,no,no,community_report
INC-1871,2025-06-22 20:07:00,Model Colony,24.883347,67.147195,20,Sunday,phone_snatching,LOW,no,yes,community_report
INC-0373,2025-06-23 21:56:00,Liaquatabad,24.906158,67.033614,21,Monday,mugging,MEDIUM,no,no,community_report
INC-0569,2025-06-23 22:06:00,Korangi,24.823112,67.137791,22,Monday,robbery,HIGH,yes,yes,community_report
INC-1798,2025-06-23 23:10:00,Soldier Bazaar,24.88942,67.028488,23,Monday,mugging,MEDIUM,no,yes,community_report
INC-0796,2025-06-24 21:11:00,Teen Talwar,24.831205,67.031368,21,Tuesday,phone_snatching,LOW,no,no,community_report
INC-0410,2025-06-24 21:21:00,Liaquatabad,24.904687,67.032463,21,Tuesday,mugging,HIGH,no,no,community_report
INC-1706,2025-06-24 21:32:00,Nagan Chowrangi,24.941743,67.08541,21,Tuesday,signal_robbery,LOW,yes,yes,community_report
INC-0801,2025-06-24 22:40:00,Teen Talwar,24.827264,67.030637,22,Tuesday,signal_robbery,HIGH,yes,no,community_report
INC-0084,2025-06-24 23:27:00,Lyari,24.874058,67.014804,23,Tuesday,phone_snatching,LOW,no,no,community_report
INC-1478,2025-06-25 00:18:00,Clifton,24.819525,67.037727,0,Wednesday,phone_snatching,MEDIUM,no,no,community_report
INC-0548,2025-06-25 13:01:00,Korangi,24.825306,67.141645,13,Wednesday,mugging,HIGH,no,no,community_report
INC-0485,2025-06-25 17:15:00,Landhi,24.851893,67.360882,17,Wednesday,vehicle_theft,HIGH,no,yes,community_report
INC-0767,2025-06-25 17:19:00,Saddar,24.864064,67.02962,17,Wednesday,phone_snatching,LOW,no,no,community_report
INC-1625,2025-06-25 19:55:00,Guru Mandir,24.866162,67.016617,19,Wednesday,mugging,HIGH,no,no,community_report
INC-1604,2025-06-25 22:33:00,Zamzama,24.827943,67.074801,22,Wednesday,phone_snatching,HIGH,no,yes,community_report
INC-1669,2025-06-26 19:36:00,Guru Mandir,24.865231,67.015292,19,Thursday,mugging,LOW,no,no,community_report
INC-1671,2025-06-26 21:30:00,Guru Mandir,24.865095,67.014913,21,Thursday,mugging,MEDIUM,no,yes,community_report
INC-1100,2025-06-27 00:41:00,Sohrab Goth,24.957946,67.079598,0,Friday,robbery,HIGH,yes,no,community_report
INC-0157,2025-06-27 21:07:00,Orangi Town,24.962449,67.019794,21,Friday,phone_snatching,MEDIUM,no,yes,community_report
INC-0912,2025-06-27 21:27:00,Hassan Square,24.900181,67.070359,21,Friday,phone_snatching,MEDIUM,no,no,community_report
INC-0062,2025-06-27 21:43:00,Lyari,24.874477,67.01399,21,Friday,robbery,HIGH,yes,yes,community_report
INC-1805,2025-06-27 22:34:00,Soldier Bazaar,24.885331,67.025761,22,Friday,mugging,LOW,no,no,community_report
INC-1113,2025-06-27 22:52:00,Sohrab Goth,24.95868,67.077158,22,Friday,robbery,HIGH,yes,no,community_report
INC-1529,2025-06-27 22:52:00,DHA Phase 1,24.805866,67.062272,22,Friday,vehicle_theft,HIGH,no,no,community_report
INC-1401,2025-06-27 23:12:00,Gulistan-e-Jauhar,24.911533,67.218424,23,Friday,ride_hailing_incident,MEDIUM,no,no,community_report
INC-1131,2025-06-28 00:54:00,Superhighway,24.98054,67.15205,0,Saturday,vehicle_theft,LOW,no,no,community_report
INC-0150,2025-06-28 16:26:00,Orangi Town,24.96531,67.020237,16,Saturday,phone_snatching,MEDIUM,no,yes,community_report
INC-0423,2025-06-28 18:56:00,Liaquatabad,24.906235,67.033641,18,Saturday,phone_snatching,HIGH,no,no,community_report
INC-1336,2025-06-28 23:55:00,FB Area,24.954632,67.103101,23,Saturday,mugging,MEDIUM,no,yes,community_report
INC-1891,2025-06-29 20:16:00,Model Colony,24.881487,67.147758,20,Sunday,mugging,MEDIUM,no,no,community_report
INC-1375,2025-06-29 22:14:00,FB Area,24.952622,67.103782,22,Sunday,phone_snatching,HIGH,no,no,community_report
INC-1152,2025-06-29 23:32:00,Superhighway,24.979771,67.151142,23,Sunday,robbery,MEDIUM,yes,yes,community_report
INC-1025,2025-06-30 12:28:00,Gulshan-e-Iqbal,24.931482,67.135719,12,Monday,phone_snatching,MEDIUM,no,no,community_report
INC-1676,2025-06-30 21:15:00,Guru Mandir,24.866737,67.013231,21,Monday,mugging,MEDIUM,no,no,community_report
INC-0873,2025-06-30 21:56:00,Hassan Square,24.900281,67.073673,21,Monday,phone_snatching,MEDIUM,no,no,community_report
INC-1602,2025-06-30 22:01:00,Zamzama,24.828474,67.074794,22,Monday,phone_snatching,LOW,no,yes,community_report
INC-1603,2025-06-30 22:50:00,Zamzama,24.829457,67.073394,22,Monday,mugging,LOW,no,no,community_report
INC-1746,2025-07-01 22:19:00,Nagan Chowrangi,24.943717,67.086934,22,Tuesday,signal_robbery,HIGH,no,no,community_report
INC-0956,2025-07-01 23:11:00,North Nazimabad,24.95248,67.05606,23,Tuesday,signal_robbery,LOW,no,yes,community_report
INC-1513,2025-07-02 18:50:00,Clifton,24.81953,67.034219,18,Wednesday,phone_snatching,HIGH,no,no,community_report
INC-0173,2025-07-02 19:04:00,Orangi Town,24.964349,67.022392,19,Wednesday,phone_snatching,HIGH,no,no,community_report
INC-0174,2025-07-02 20:02:00,Orangi Town,24.964015,67.017905,20,Wednesday,phone_snatching,MEDIUM,no,yes,community_report
INC-1187,2025-07-02 22:34:00,Superhighway,24.978247,67.148869,22,Wednesday,robbery,MEDIUM,yes,no,community_report
INC-0839,2025-07-02 22:59:00,Teen Talwar,24.831634,67.035047,22,Wednesday,phone_snatching,HIGH,no,no,community_report
INC-1648,2025-07-03 10:39:00,Guru Mandir,24.865106,67.013264,10,Thursday,mugging,LOW,no,no,community_report
INC-0177,2025-07-03 14:29:00,Orangi Town,24.967191,67.019132,14,Thursday,phone_snatching,MEDIUM,no,no,community_report
INC-0079,2025-07-05 12:12:00,Lyari,24.869687,67.012001,12,Saturday,robbery,MEDIUM,no,no,community_report
INC-0253,2025-07-05 22:29:00,Keamari,24.844003,66.987574,22,Saturday,robbery,HIGH,no,no,community_report
INC-0559,2025-07-05 22:38:00,Korangi,24.824015,67.138929,22,Saturday,phone_snatching,MEDIUM,no,yes,community_report
INC-1094,2025-07-06 00:30:00,Sohrab Goth,24.957742,67.079238,0,Sunday,mugging,HIGH,no,yes,community_report
INC-1537,2025-07-06 10:50:00,DHA Phase 1,24.804829,67.057786,10,Sunday,vehicle_theft,LOW,no,yes,community_report
INC-0821,2025-07-06 11:15:00,Teen Talwar,24.827405,67.03131,11,Sunday,signal_robbery,HIGH,yes,no,community_report
INC-0003,2025-07-06 12:34:00,Lyari,24.874605,67.014875,12,Sunday,mugging,MEDIUM,no,no,community_report
INC-1878,2025-07-06 23:50:00,Model Colony,24.879768,67.149234,23,Sunday,phone_snatching,MEDIUM,no,no,community_report
INC-1562,2025-07-07 23:25:00,DHA Phase 5,24.810554,67.089344,23,Monday,mugging,LOW,no,no,community_report
INC-0910,2025-07-08 19:38:00,Hassan Square,24.897207,67.070602,19,Tuesday,signal_robbery,LOW,yes,no,community_report
INC-1180,2025-07-08 22:33:00,Superhighway,24.981499,67.149159,22,Tuesday,robbery,HIGH,yes,yes,community_report
INC-0787,2025-07-08 23:36:00,Teen Talwar,24.831614,67.034597,23,Tuesday,signal_robbery,LOW,no,no,community_report
INC-0857,2025-07-09 09:36:00,Teen Talwar,24.83092,67.029828,9,Wednesday,phone_snatching,HIGH,no,no,community_report
INC-1110,2025-07-09 18:25:00,Sohrab Goth,24.953897,67.080971,18,Wednesday,robbery,MEDIUM,yes,no,community_report
INC-0452,2025-07-09 22:18:00,Landhi,24.848795,67.362461,22,Wednesday,vehicle_theft,HIGH,no,no,community_report
INC-1862,2025-07-09 22:19:00,Malir Cantonment,24.878565,67.2048,22,Wednesday,mugging,HIGH,no,no,community_report
INC-0068,2025-07-09 23:57:00,Lyari,24.869698,67.012875,23,Wednesday,robbery,MEDIUM,yes,no,community_report
INC-0478,2025-07-10 18:24:00,Landhi,24.847837,67.35749,18,Thursday,robbery,HIGH,no,no,community_report
INC-1237,2025-07-10 19:40:00,Garden West,24.879779,67.021881,19,Thursday,mugging,LOW,no,yes,community_report
INC-1511,2025-07-10 22:44:00,Clifton,24.82114,67.034821,22,Thursday,mugging,MEDIUM,no,yes,community_report
INC-1279,2025-07-11 08:28:00,Nazimabad,24.917906,67.032711,8,Friday,mugging,MEDIUM,no,yes,community_report
INC-0730,2025-07-11 13:05:00,Saddar,24.864836,67.027931,13,Friday,phone_snatching,HIGH,no,no,community_report
INC-1027,2025-07-11 21:03:00,Gulshan-e-Iqbal,24.931696,67.135272,21,Friday,phone_snatching,MEDIUM,no,yes,community_report
INC-1090,2025-07-11 22:42:00,Sohrab Goth,24.954598,67.076407,22,Friday,robbery,MEDIUM,no,no,community_report
INC-1117,2025-07-11 23:03:00,Sohrab Goth,24.954781,67.08092,23,Friday,mugging,HIGH,no,no,community_report
INC-0060,2025-07-12 01:31:00,Lyari,24.874506,67.012863,1,Saturday,robbery,HIGH,yes,no,community_report
INC-1905,2025-07-12 19:35:00,Model Colony,24.882923,67.145291,19,Saturday,phone_snatching,HIGH,no,no,community_report
INC-0656,2025-07-12 19:41:00,Malir,24.893875,67.22805,19,Saturday,phone_snatching,LOW,no,no,community_report
INC-1672,2025-07-13 12:54:00,Guru Mandir,24.868426,67.01601,12,Sunday,mugging,MEDIUM,no,no,community_report
INC-0409,2025-07-13 16:02:00,Liaquatabad,24.902034,67.034402,16,Sunday,phone_snatching,HIGH,no,no,community_report
INC-0681,2025-07-13 19:20:00,Malir,24.89308,67.231111,19,Sunday,phone_snatching,MEDIUM,no,no,community_report
INC-1236,2025-07-13 19:29:00,Garden West,24.878797,67.020889,19,Sunday,phone_snatching,MEDIUM,no,no,community_report
INC-0159,2025-07-13 22:15:00,Orangi Town,24.962134,67.020118,22,Sunday,mugging,HIGH,no,yes,community_report
INC-0201,2025-07-15 00:56:00,Keamari,24.842835,66.987612,0,Tuesday,mugging,HIGH,no,yes,community_report
INC-1811,2025-07-15 21:15:00,Soldier Bazaar,24.88516,67.025342,21,Tuesday,phone_snatching,LOW,no,no,community_report
INC-0146,2025-07-15 22:13:00,Orangi Town,24.966984,67.02231,22,Tuesday,robbery,MEDIUM,yes,no,community_report
INC-0701,2025-07-16 14:05:00,Malir,24.894514,67.232535,14,Wednesday,mugging,MEDIUM,no,yes,community_report
INC-1207,2025-07-16 19:24:00,Garden West,24.875582,67.017422,19,Wednesday,mugging,LOW,no,yes,community_report
INC-0750,2025-07-16 19:29:00,Saddar,24.859462,67.030946,19,Wednesday,phone_snatching,MEDIUM,no,no,community_report
INC-1575,2025-07-16 22:32:00,DHA Phase 5,24.808163,67.087374,22,Wednesday,vehicle_theft,LOW,no,no,community_report
INC-1407,2025-07-17 21:08:00,Gulistan-e-Jauhar,24.909903,67.220325,21,Thursday,phone_snatching,HIGH,no,no,community_report
INC-0411,2025-07-17 21:28:00,Liaquatabad,24.90345,67.037416,21,Thursday,phone_snatching,HIGH,no,no,community_report
INC-1363,2025-07-17 23:01:00,FB Area,24.955756,67.104412,23,Thursday,phone_snatching,MEDIUM,no,yes,community_report
INC-0066,2025-07-18 21:43:00,Lyari,24.873127,67.014571,21,Friday,robbery,HIGH,yes,no,community_report
INC-0846,2025-07-19 09:23:00,Teen Talwar,24.828761,67.030168,9,Saturday,mugging,HIGH,no,yes,community_report
INC-1656,2025-07-19 09:39:00,Guru Mandir,24.865337,67.018934,9,Saturday,mugging,HIGH,no,no,community_report
INC-0418,2025-07-19 19:21:00,Liaquatabad,24.907042,67.034156,19,Saturday,phone_snatching,HIGH,no,no,community_report
INC-0160,2025-07-19 21:28:00,Orangi Town,24.967221,67.021085,21,Saturday,phone_snatching,HIGH,no,no,community_report
INC-1477,2025-07-19 23:22:00,Clifton,24.823615,67.035801,23,Saturday,mugging,LOW,no,yes,community_report
INC-0438,2025-07-20 00:19:00,Landhi,24.850549,67.359891,0,Sunday,mugging,MEDIUM,no,yes,community_report
INC-1654,2025-07-20 20:03:00,Guru Mandir,24.866617,67.017584,20,Sunday,mugging,HIGH,no,no,community_report
INC-0941,2025-07-20 20:47:00,North Nazimabad,24.948102,67.056873,20,Sunday,phone_snatching,LOW,no,no,community_report
INC-1160,2025-07-21 01:54:00,Superhighway,24.982534,67.147002,1,Monday,robbery,HIGH,no,yes,community_report
INC-0776,2025-07-21 20:42:00,Saddar,24.8618,67.027019,20,Monday,phone_snatching,MEDIUM,no,no,community_report
INC-0850,2025-07-21 23:16:00,Teen Talwar,24.827256,67.03215,23,Monday,signal_robbery,HIGH,yes,yes,community_report
INC-1596,2025-07-21 23:58:00,Zamzama,24.827495,67.077074,23,Monday,phone_snatching,MEDIUM,no,no,community_report
INC-0196,2025-07-22 21:49:00,Keamari,24.847193,66.987216,21,Tuesday,vehicle_theft,HIGH,no,no,community_report
INC-0297,2025-07-22 23:49:00,Baloch Colony,24.866927,67.073867,23,Tuesday,signal_robbery,HIGH,yes,no,community_report
INC-0477,2025-07-22 23:54:00,Landhi,24.852657,67.36065,23,Tuesday,mugging,MEDIUM,no,no,community_report
INC-0638,2025-07-23 17:41:00,SITE Industrial Area,24.927819,67.001315,17,Wednesday,robbery,MEDIUM,no,no,community_report
INC-1308,2025-07-23 19:50:00,Nazimabad,24.919161,67.036654,19,Wednesday,mugging,MEDIUM,no,no,community_report
INC-1248,2025-07-23 20:12:00,Garden West,24.876721,67.019763,20,Wednesday,mugging,HIGH,no,yes,community_report
INC-1765,2025-07-23 21:40:00,Soldier Bazaar,24.884331,67.025051,21,Wednesday,phone_snatching,MEDIUM,no,no,community_report
INC-0566,2025-07-23 21:59:00,Korangi,24.827746,67.139069,21,Wednesday,mugging,HIGH,no,yes,community_report
INC-0770,2025-07-23 22:07:00,Saddar,24.861878,67.02758,22,Wednesday,pickpocketing,MEDIUM,no,yes,community_report
INC-0197,2025-07-24 00:08:00,Keamari,24.847819,66.987612,0,Thursday,mugging,MEDIUM,no,no,community_report
INC-0115,2025-07-24 19:43:00,Orangi Town,24.967519,67.017304,19,Thursday,mugging,HIGH,no,yes,community_report
INC-1863,2025-07-24 20:58:00,Model Colony,24.882871,67.149457,20,Thursday,vehicle_theft,LOW,no,yes,community_report
INC-1316,2025-07-24 23:16:00,FB Area,24.952668,67.102424,23,Thursday,mugging,MEDIUM,no,yes,community_report
INC-0648,2025-07-24 23:20:00,Malir,24.893228,67.229145,23,Thursday,mugging,MEDIUM,no,yes,community_report
INC-0006,2025-07-25 01:38:00,Lyari,24.870816,67.011786,1,Friday,robbery,HIGH,no,no,community_report
INC-1718,2025-07-25 20:27:00,Nagan Chowrangi,24.939276,67.08766,20,Friday,signal_robbery,MEDIUM,no,yes,community_report
INC-0958,2025-07-25 21:51:00,North Nazimabad,24.947629,67.055997,21,Friday,phone_snatching,MEDIUM,no,yes,community_report
INC-0794,2025-07-25 22:46:00,Teen Talwar,24.829698,67.034576,22,Friday,phone_snatching,HIGH,no,no,community_report
INC-1146,2025-07-25 23:33:00,Superhighway,24.978146,67.149609,23,Friday,vehicle_theft,MEDIUM,no,yes,community_report
INC-0141,2025-07-26 11:27:00,Orangi Town,24.967546,67.017593,11,Saturday,robbery,HIGH,yes,yes,community_report
INC-0929,2025-07-26 13:51:00,North Nazimabad,24.949119,67.052876,13,Saturday,signal_robbery,MEDIUM,yes,no,community_report
INC-1690,2025-07-26 21:28:00,Guru Mandir,24.870168,67.013009,21,Saturday,mugging,HIGH,no,no,community_report
INC-1291,2025-07-26 21:50:00,Nazimabad,24.921235,67.036364,21,Saturday,robbery,HIGH,no,no,community_report
INC-0933,2025-07-26 22:29:00,North Nazimabad,24.95271,67.057352,22,Saturday,mugging,LOW,no,yes,community_report
INC-0231,2025-07-27 14:17:00,Keamari,24.84343,66.990979,14,Sunday,vehicle_theft,HIGH,no,no,community_report
INC-0692,2025-07-27 20:15:00,Malir,24.893454,67.230663,20,Sunday,mugging,HIGH,no,no,community_report
INC-1754,2025-07-27 20:20:00,Nagan Chowrangi,24.939556,67.086106,20,Sunday,phone_snatching,MEDIUM,no,no,community_report
INC-1254,2025-07-27 20:26:00,Garden West,24.876263,67.01841,20,Sunday,mugging,LOW,no,yes,community_report
INC-0302,2025-07-27 20:31:00,Baloch Colony,24.866887,67.074942,20,Sunday,signal_robbery,HIGH,no,no,community_report
INC-0365,2025-07-27 20:32:00,Liaquatabad,24.904649,67.034842,20,Sunday,mugging,MEDIUM,no,yes,community_report
INC-1041,2025-07-27 21:20:00,Gulshan-e-Iqbal,24.929112,67.132563,21,Sunday,signal_robbery,MEDIUM,no,no,community_report
INC-0468,2025-07-28 00:40:00,Landhi,24.848973,67.359834,0,Monday,vehicle_theft,HIGH,no,yes,community_report
INC-0195,2025-07-28 09:09:00,Keamari,24.843449,66.987429,9,Monday,mugging,MEDIUM,no,no,community_report
INC-1708,2025-07-28 14:45:00,Nagan Chowrangi,24.944756,67.083259,14,Monday,phone_snatching,LOW,no,yes,community_report
INC-0356,2025-07-28 15:39:00,Liaquatabad,24.904808,67.033045,15,Monday,phone_snatching,MEDIUM,no,no,community_report
INC-0136,2025-07-28 20:38:00,Orangi Town,24.964573,67.021326,20,Monday,robbery,HIGH,no,yes,community_report
INC-1532,2025-07-29 10:17:00,DHA Phase 1,24.807287,67.061661,10,Tuesday,vehicle_theft,LOW,no,no,community_report
INC-0030,2025-07-29 11:14:00,Lyari,24.870386,67.012899,11,Tuesday,robbery,MEDIUM,no,no,community_report
INC-0401,2025-07-29 21:21:00,Liaquatabad,24.90369,67.033327,21,Tuesday,mugging,MEDIUM,no,no,community_report
INC-1887,2025-07-29 21:30:00,Model Colony,24.881358,67.145824,21,Tuesday,mugging,LOW,no,no,community_report
INC-1424,2025-07-30 12:09:00,Gulistan-e-Jauhar,24.910245,67.219202,12,Wednesday,ride_hailing_incident,MEDIUM,no,no,community_report
INC-0879,2025-07-30 19:13:00,Hassan Square,24.895485,67.073028,19,Wednesday,signal_robbery,LOW,yes,no,community_report
INC-1361,2025-07-30 21:17:00,FB Area,24.955549,67.105049,21,Wednesday,mugging,MEDIUM,no,no,community_report
INC-1367,2025-07-30 22:00:00,FB Area,24.955667,67.1042,22,Wednesday,mugging,HIGH,no,no,community_report
INC-1608,2025-07-30 22:51:00,Zamzama,24.82728,67.075842,22,Wednesday,mugging,MEDIUM,no,no,community_report
INC-0313,2025-07-30 22:56:00,Baloch Colony,24.861579,67.075831,22,Wednesday,signal_robbery,HIGH,yes,yes,community_report
INC-1571,2025-07-31 13:14:00,DHA Phase 5,24.80998,67.091411,13,Thursday,mugging,MEDIUM,no,no,community_report
INC-0813,2025-07-31 22:03:00,Teen Talwar,24.829652,67.033564,22,Thursday,phone_snatching,HIGH,no,no,community_report
INC-1556,2025-07-31 23:31:00,DHA Phase 5,24.808478,67.09229,23,Thursday,mugging,LOW,no,no,community_report
INC-1202,2025-08-01 20:17:00,Garden West,24.878206,67.022417,20,Friday,mugging,HIGH,no,no,community_report
INC-0828,2025-08-01 21:30:00,Teen Talwar,24.82907,67.035074,21,Friday,phone_snatching,MEDIUM,no,no,community_report
INC-0384,2025-08-02 21:24:00,Liaquatabad,24.907281,67.035791,21,Saturday,phone_snatching,HIGH,no,yes,community_report
INC-0527,2025-08-02 22:03:00,Korangi,24.825151,67.140596,22,Saturday,mugging,HIGH,no,no,community_report
INC-1192,2025-08-02 22:49:00,Superhighway,24.980394,67.148036,22,Saturday,robbery,HIGH,yes,no,community_report
INC-0619,2025-08-02 22:55:00,SITE Industrial Area,24.928962,67.00147,22,Saturday,vehicle_theft,MEDIUM,no,yes,community_report
INC-0579,2025-08-03 08:43:00,SITE Industrial Area,24.92987,66.998352,8,Sunday,vehicle_theft,MEDIUM,no,no,community_report
INC-0282,2025-08-03 21:22:00,Baloch Colony,24.863558,67.075305,21,Sunday,signal_robbery,HIGH,yes,no,community_report
INC-0207,2025-08-03 23:20:00,Keamari,24.845208,66.988335,23,Sunday,vehicle_theft,HIGH,no,no,community_report
INC-0622,2025-08-04 11:41:00,SITE Industrial Area,24.929157,66.999844,11,Monday,vehicle_theft,MEDIUM,no,yes,community_report
INC-0069,2025-08-04 15:05:00,Lyari,24.872358,67.013528,15,Monday,robbery,LOW,no,no,community_report
INC-1299,2025-08-04 19:44:00,Nazimabad,24.919337,67.03397,19,Monday,mugging,MEDIUM,no,yes,community_report
INC-1771,2025-08-04 20:27:00,Soldier Bazaar,24.885376,67.029081,20,Monday,phone_snatching,MEDIUM,no,yes,community_report
INC-1389,2025-08-04 22:43:00,Gulistan-e-Jauhar,24.909947,67.218985,22,Monday,phone_snatching,LOW,no,yes,community_report
INC-0048,2025-08-06 21:28:00,Lyari,24.874094,67.013058,21,Wednesday,robbery,MEDIUM,yes,yes,community_report
INC-1179,2025-08-06 22:33:00,Superhighway,24.979363,67.150792,22,Wednesday,carjacking,HIGH,no,no,community_report
INC-0329,2025-08-06 23:03:00,Baloch Colony,24.861273,67.076266,23,Wednesday,mugging,MEDIUM,no,no,community_report
INC-1848,2025-08-06 23:19:00,Malir Cantonment,24.874826,67.204551,23,Wednesday,mugging,MEDIUM,no,no,community_report
INC-1161,2025-08-07 10:49:00,Superhighway,24.982617,67.148,10,Thursday,vehicle_theft,MEDIUM,no,no,community_report
INC-0780,2025-08-07 17:41:00,Teen Talwar,24.827712,67.030054,17,Thursday,phone_snatching,MEDIUM,no,no,community_report
INC-0288,2025-08-07 23:25:00,Baloch Colony,24.865389,67.077,23,Thursday,signal_robbery,HIGH,yes,yes,community_report
INC-1157,2025-08-08 01:34:00,Superhighway,24.979018,67.148402,1,Friday,robbery,MEDIUM,no,yes,community_report
INC-0148,2025-08-08 21:59:00,Orangi Town,24.967269,67.018942,21,Friday,phone_snatching,HIGH,no,no,community_report
INC-0592,2025-08-08 22:04:00,SITE Industrial Area,24.927729,66.998589,22,Friday,vehicle_theft,LOW,no,no,community_report
INC-0293,2025-08-08 22:16:00,Baloch Colony,24.866138,67.077925,22,Friday,signal_robbery,HIGH,yes,no,community_report
INC-1470,2025-08-08 22:40:00,PECHS,24.873575,67.078389,22,Friday,phone_snatching,MEDIUM,no,no,community_report
INC-0737,2025-08-09 14:35:00,Saddar,24.859425,67.030298,14,Saturday,mugging,MEDIUM,no,no,community_report
INC-1195,2025-08-09 21:21:00,Garden West,24.879615,67.020939,21,Saturday,mugging,MEDIUM,no,no,community_report
INC-1687,2025-08-09 21:27:00,Guru Mandir,24.868092,67.015725,21,Saturday,robbery,MEDIUM,no,no,community_report
INC-1614,2025-08-09 23:45:00,Zamzama,24.827203,67.072985,23,Saturday,phone_snatching,MEDIUM,no,no,community_report
INC-1466,2025-08-10 21:20:00,PECHS,24.875983,67.079109,21,Sunday,phone_snatching,MEDIUM,no,yes,community_report
INC-0529,2025-08-10 23:26:00,Korangi,24.826968,67.140767,23,Sunday,phone_snatching,HIGH,no,yes,community_report
INC-1053,2025-08-10 23:58:00,Sohrab Goth,24.955011,67.075328,23,Sunday,robbery,MEDIUM,no,no,community_report
INC-1096,2025-08-12 16:49:00,Sohrab Goth,24.95459,67.079295,16,Tuesday,robbery,MEDIUM,no,no,community_report
INC-0397,2025-08-12 20:02:00,Liaquatabad,24.906308,67.03447,20,Tuesday,phone_snatching,HIGH,no,no,community_report
INC-0504,2025-08-12 23:51:00,Korangi,24.825748,67.13926,23,Tuesday,phone_snatching,MEDIUM,no,yes,community_report
INC-0347,2025-08-13 10:55:00,Baloch Colony,24.866484,67.074317,10,Wednesday,signal_robbery,HIGH,no,no,community_report
INC-1412,2025-08-13 14:56:00,Gulistan-e-Jauhar,24.912686,67.219993,14,Wednesday,ride_hailing_incident,MEDIUM,no,yes,community_report
INC-1566,2025-08-13 17:25:00,DHA Phase 5,24.809237,67.092682,17,Wednesday,vehicle_theft,LOW,no,no,community_report
INC-1639,2025-08-13 19:54:00,Guru Mandir,24.865811,67.017192,19,Wednesday,mugging,MEDIUM,no,no,community_report
INC-1715,2025-08-13 21:46:00,Nagan Chowrangi,24.940659,67.082957,21,Wednesday,mugging,LOW,no,no,community_report
INC-0283,2025-08-13 22:19:00,Baloch Colony,24.86363,67.076875,22,Wednesday,phone_snatching,LOW,no,no,community_report
INC-1379,2025-08-13 22:19:00,Gulistan-e-Jauhar,24.909153,67.22208,22,Wednesday,ride_hailing_incident,LOW,no,no,community_report
INC-0588,2025-08-14 20:45:00,SITE Industrial Area,24.929031,67.002436,20,Thursday,vehicle_theft,HIGH,no,no,community_report
INC-1197,2025-08-15 13:19:00,Garden West,24.87691,67.018216,13,Friday,phone_snatching,HIGH,no,no,community_report
INC-1827,2025-08-15 17:35:00,Malir Cantonment,24.875196,67.207483,17,Friday,vehicle_theft,MEDIUM,no,no,community_report
INC-0108,2025-08-15 22:38:00,Orangi Town,24.962492,67.017113,22,Friday,robbery,HIGH,yes,yes,community_report
INC-1303,2025-08-16 20:05:00,Nazimabad,24.920401,67.033156,20,Saturday,mugging,MEDIUM,no,no,community_report
INC-1569,2025-08-17 00:31:00,DHA Phase 5,24.810093,67.08734,0,Sunday,vehicle_theft,MEDIUM,no,yes,community_report
INC-1045,2025-08-17 20:56:00,Gulshan-e-Iqbal,24.932749,67.135424,20,Sunday,signal_robbery,LOW,yes,no,community_report
INC-0238,2025-08-17 22:51:00,Keamari,24.847205,66.992218,22,Sunday,robbery,HIGH,yes,no,community_report
INC-1372,2025-08-17 23:48:00,FB Area,24.953372,67.103234,23,Sunday,mugging,MEDIUM,no,no,community_report
INC-0028,2025-08-18 10:48:00,Lyari,24.869597,67.01284,10,Monday,robbery,MEDIUM,yes,no,community_report
INC-1553,2025-08-18 15:53:00,DHA Phase 5,24.807382,67.088413,15,Monday,vehicle_theft,LOW,no,no,community_report
INC-0349,2025-08-18 18:20:00,Liaquatabad,24.907744,67.032041,18,Monday,phone_snatching,HIGH,no,yes,community_report
INC-1036,2025-08-18 20:06:00,Gulshan-e-Iqbal,24.929208,67.134838,20,Monday,phone_snatching,MEDIUM,no,no,community_report
INC-0903,2025-08-18 21:22:00,Hassan Square,24.900801,67.072711,21,Monday,phone_snatching,MEDIUM,no,no,community_report
INC-1854,2025-08-18 22:34:00,Malir Cantonment,24.87735,67.205143,22,Monday,mugging,MEDIUM,no,no,community_report
INC-1584,2025-08-18 23:14:00,Zamzama,24.82604,67.077624,23,Monday,mugging,MEDIUM,no,no,community_report
INC-1796,2025-08-19 20:20:00,Soldier Bazaar,24.889357,67.027755,20,Tuesday,phone_snatching,MEDIUM,no,yes,community_report
INC-1623,2025-08-19 20:34:00,Guru Mandir,24.866206,67.018517,20,Tuesday,phone_snatching,MEDIUM,no,no,community_report
INC-0543,2025-08-19 21:16:00,Korangi,24.826737,67.139055,21,Tuesday,phone_snatching,HIGH,no,no,community_report
INC-1429,2025-08-19 21:58:00,Gulistan-e-Jauhar,24.912997,67.218351,21,Tuesday,mugging,MEDIUM,no,no,community_report
INC-1563,2025-08-20 17:03:00,DHA Phase 5,24.810319,67.088248,17,Wednesday,vehicle_theft,MEDIUM,no,yes,community_report
INC-0355,2025-08-20 18:26:00,Liaquatabad,24.905605,67.034655,18,Wednesday,robbery,MEDIUM,no,no,community_report
INC-0371,2025-08-20 19:50:00,Liaquatabad,24.902007,67.037397,19,Wednesday,robbery,MEDIUM,yes,no,community_report
INC-0377,2025-08-20 20:23:00,Liaquatabad,24.907339,67.036689,20,Wednesday,mugging,MEDIUM,no,no,community_report
INC-1653,2025-08-21 08:00:00,Guru Mandir,24.868443,67.018084,8,Thursday,robbery,MEDIUM,no,yes,community_report
INC-1833,2025-08-21 09:30:00,Malir Cantonment,24.876171,67.205581,9,Thursday,vehicle_theft,LOW,no,yes,community_report
INC-0596,2025-08-21 21:05:00,SITE Industrial Area,24.928795,67.001275,21,Thursday,vehicle_theft,HIGH,no,no,community_report
INC-0506,2025-08-21 21:45:00,Korangi,24.82209,67.141461,21,Thursday,mugging,HIGH,no,no,community_report
INC-0938,2025-08-21 22:20:00,North Nazimabad,24.952472,67.054563,22,Thursday,phone_snatching,MEDIUM,no,no,community_report
INC-1898,2025-08-22 20:31:00,Model Colony,24.87967,67.148708,20,Friday,mugging,MEDIUM,no,yes,community_report
INC-0550,2025-08-22 23:08:00,Korangi,24.823088,67.14254,23,Friday,phone_snatching,HIGH,no,no,community_report
INC-0959,2025-08-22 23:25:00,North Nazimabad,24.951927,67.052444,23,Friday,phone_snatching,MEDIUM,no,yes,community_report
INC-0454,2025-08-22 23:56:00,Landhi,24.850196,67.360043,23,Friday,vehicle_theft,MEDIUM,no,no,community_report
INC-1893,2025-08-23 14:40:00,Model Colony,24.880482,67.14505,14,Saturday,mugging,LOW,no,no,community_report
INC-0847,2025-08-23 17:04:00,Teen Talwar,24.826888,67.033024,17,Saturday,phone_snatching,HIGH,no,no,community_report
INC-1438,2025-08-23 17:28:00,PECHS,24.87495,67.081065,17,Saturday,phone_snatching,MEDIUM,no,no,community_report
INC-1902,2025-08-23 20:52:00,Model Colony,24.879498,67.147768,20,Saturday,mugging,LOW,no,no,community_report
INC-1451,2025-08-23 23:49:00,PECHS,24.877197,67.077298,23,Saturday,phone_snatching,LOW,no,no,community_report
INC-1472,2025-08-24 13:15:00,PECHS,24.873934,67.080002,13,Sunday,phone_snatching,HIGH,no,yes,community_report
INC-0545,2025-08-24 21:05:00,Korangi,24.822981,67.137766,21,Sunday,mugging,HIGH,no,no,community_report
INC-1210,2025-08-24 21:51:00,Garden West,24.879436,67.018545,21,Sunday,phone_snatching,HIGH,no,no,community_report
INC-0963,2025-08-25 14:55:00,North Nazimabad,24.948205,67.057228,14,Monday,mugging,MEDIUM,no,no,community_report
INC-1644,2025-08-25 19:23:00,Guru Mandir,24.870628,67.017374,19,Monday,mugging,MEDIUM,no,no,community_report
INC-1839,2025-08-26 00:25:00,Malir Cantonment,24.874788,67.203405,0,Tuesday,mugging,MEDIUM,no,no,community_report
INC-0755,2025-08-26 21:53:00,Saddar,24.864718,67.029881,21,Tuesday,phone_snatching,LOW,no,no,community_report
INC-0993,2025-08-26 23:00:00,North Nazimabad,24.948396,67.056549,23,Tuesday,phone_snatching,MEDIUM,no,no,community_report
INC-0025,2025-08-27 01:13:00,Lyari,24.871881,67.009808,1,Wednesday,robbery,MEDIUM,no,yes,community_report
INC-1689,2025-08-27 11:21:00,Guru Mandir,24.865013,67.013263,11,Wednesday,phone_snatching,HIGH,no,no,community_report
INC-0607,2025-08-27 21:47:00,SITE Industrial Area,24.931521,66.999374,21,Wednesday,robbery,MEDIUM,yes,no,community_report
INC-0570,2025-08-27 23:03:00,Korangi,24.822487,67.138233,23,Wednesday,mugging,HIGH,no,no,community_report
INC-1354,2025-08-28 16:44:00,FB Area,24.954406,67.103119,16,Thursday,mugging,HIGH,no,yes,community_report
INC-0893,2025-08-28 19:34:00,Hassan Square,24.898587,67.071717,19,Thursday,mugging,HIGH,no,no,community_report
INC-1661,2025-08-28 20:02:00,Guru Mandir,24.867688,67.018985,20,Thursday,mugging,HIGH,no,no,community_report
INC-0707,2025-08-28 21:29:00,Malir,24.893745,67.231799,21,Thursday,mugging,HIGH,no,yes,community_report
INC-1757,2025-08-28 22:24:00,Soldier Bazaar,24.88629,67.027109,22,Thursday,mugging,MEDIUM,no,yes,community_report
INC-1079,2025-08-28 23:10:00,Sohrab Goth,24.956236,67.080963,23,Thursday,mugging,HIGH,no,yes,community_report
INC-0434,2025-08-29 01:19:00,Landhi,24.851394,67.362004,1,Friday,robbery,HIGH,yes,no,community_report
INC-0609,2025-08-29 20:24:00,SITE Industrial Area,24.931127,66.999068,20,Friday,robbery,MEDIUM,yes,yes,community_report
INC-0795,2025-08-29 20:55:00,Teen Talwar,24.830183,67.030562,20,Friday,mugging,MEDIUM,no,no,community_report
INC-0117,2025-08-29 21:51:00,Orangi Town,24.965817,67.021683,21,Friday,phone_snatching,HIGH,no,no,community_report
INC-1356,2025-08-29 21:52:00,FB Area,24.95268,67.106804,21,Friday,signal_robbery,HIGH,no,no,community_report
INC-0402,2025-08-29 21:59:00,Liaquatabad,24.903442,67.033805,21,Friday,robbery,HIGH,yes,no,community_report
INC-0029,2025-08-30 23:52:00,Lyari,24.869816,67.009745,23,Saturday,mugging,HIGH,no,no,community_report
INC-0488,2025-08-31 01:30:00,Landhi,24.850188,67.357855,1,Sunday,vehicle_theft,HIGH,no,no,community_report
INC-1523,2025-08-31 12:30:00,DHA Phase 1,24.803887,67.061334,12,Sunday,vehicle_theft,MEDIUM,no,yes,community_report
INC-0763,2025-08-31 20:37:00,Saddar,24.860864,67.025388,20,Sunday,phone_snatching,MEDIUM,no,yes,community_report
INC-0977,2025-08-31 20:57:00,North Nazimabad,24.947226,67.055692,20,Sunday,phone_snatching,MEDIUM,no,no,community_report
INC-1455,2025-08-31 21:20:00,PECHS,24.876801,67.082175,21,Sunday,phone_snatching,HIGH,no,no,community_report
INC-0866,2025-08-31 22:56:00,Hassan Square,24.898617,67.069503,22,Sunday,phone_snatching,HIGH,no,no,community_report
INC-1109,2025-09-01 00:14:00,Sohrab Goth,24.955386,67.079189,0,Monday,robbery,HIGH,yes,no,community_report
INC-0035,2025-09-01 00:47:00,Lyari,24.870582,67.011638,0,Monday,robbery,HIGH,no,no,community_report
INC-0331,2025-09-01 21:59:00,Baloch Colony,24.865907,67.076064,21,Monday,signal_robbery,HIGH,no,no,community_report
INC-1489,2025-09-02 09:39:00,Clifton,24.822453,67.036243,9,Tuesday,vehicle_theft,LOW,no,no,community_report
INC-0367,2025-09-03 20:05:00,Liaquatabad,24.902921,67.036261,20,Wednesday,mugging,HIGH,no,no,community_report
INC-0345,2025-09-03 20:06:00,Baloch Colony,24.862691,67.077796,20,Wednesday,signal_robbery,HIGH,yes,no,community_report
INC-0425,2025-09-03 20:09:00,Liaquatabad,24.903467,67.034124,20,Wednesday,mugging,MEDIUM,no,no,community_report
INC-0885,2025-09-03 20:31:00,Hassan Square,24.896102,67.072062,20,Wednesday,signal_robbery,HIGH,no,no,community_report
INC-1263,2025-09-03 20:50:00,Nazimabad,24.918603,67.034391,20,Wednesday,phone_snatching,MEDIUM,no,yes,community_report
INC-1551,2025-09-04 15:38:00,DHA Phase 5,24.810562,67.092896,15,Thursday,vehicle_theft,LOW,no,yes,community_report
INC-1838,2025-09-04 15:41:00,Malir Cantonment,24.877147,67.205693,15,Thursday,mugging,LOW,no,yes,community_report
INC-1461,2025-09-05 17:50:00,PECHS,24.874735,67.080655,17,Friday,phone_snatching,LOW,no,no,community_report
INC-0620,2025-09-05 21:47:00,SITE Industrial Area,24.927176,66.999225,21,Friday,vehicle_theft,MEDIUM,no,no,community_report
INC-1861,2025-09-05 23:03:00,Malir Cantonment,24.878389,67.206183,23,Friday,mugging,LOW,no,no,community_report
INC-0490,2025-09-06 01:36:00,Landhi,24.847625,67.36177,1,Saturday,vehicle_theft,HIGH,no,yes,community_report
INC-0279,2025-09-06 17:16:00,Baloch Colony,24.866394,67.072358,17,Saturday,signal_robbery,HIGH,yes,yes,community_report
INC-0604,2025-09-06 22:59:00,SITE Industrial Area,24.92961,66.998128,22,Saturday,vehicle_theft,HIGH,no,yes,community_report
INC-0261,2025-09-07 15:08:00,Keamari,24.844969,66.992206,15,Sunday,robbery,MEDIUM,no,no,community_report
INC-0211,2025-09-07 22:21:00,Keamari,24.845112,66.987023,22,Sunday,mugging,MEDIUM,no,no,community_report
INC-1737,2025-09-08 16:02:00,Nagan Chowrangi,24.940929,67.082821,16,Monday,mugging,HIGH,no,no,community_report
INC-0625,2025-09-09 22:08:00,SITE Industrial Area,24.930081,66.997846,22,Tuesday,mugging,MEDIUM,no,no,community_report
INC-0251,2025-09-09 22:43:00,Keamari,24.842878,66.992199,22,Tuesday,robbery,MEDIUM,yes,no,community_report
INC-0089,2025-09-09 22:54:00,Lyari,24.869492,67.011561,22,Tuesday,phone_snatching,HIGH,no,no,community_report
INC-1395,2025-09-09 23:22:00,Gulistan-e-Jauhar,24.911918,67.218969,23,Tuesday,mugging,LOW,no,no,community_report
INC-0706,2025-09-10 11:41:00,Malir,24.894425,67.230325,11,Wednesday,mugging,MEDIUM,no,yes,community_report
INC-0023,2025-09-10 17:57:00,Lyari,24.872949,67.0117,17,Wednesday,robbery,HIGH,yes,no,community_report
INC-0116,2025-09-10 22:20:00,Orangi Town,24.962414,67.01902,22,Wednesday,robbery,HIGH,yes,yes,community_report
INC-1337,2025-09-11 17:50:00,FB Area,24.953732,67.107363,17,Thursday,phone_snatching,LOW,no,no,community_report
INC-0695,2025-09-11 19:16:00,Malir,24.893506,67.229127,19,Thursday,mugging,MEDIUM,no,no,community_report
INC-1206,2025-09-11 19:16:00,Garden West,24.879197,67.018201,19,Thursday,robbery,HIGH,yes,yes,community_report
INC-1633,2025-09-11 20:11:00,Guru Mandir,24.865047,67.013042,20,Thursday,phone_snatching,HIGH,no,no,community_report
INC-0255,2025-09-11 23:07:00,Keamari,24.844874,66.992113,23,Thursday,robbery,HIGH,yes,no,community_report
INC-0785,2025-09-12 13:17:00,Teen Talwar,24.829999,67.030579,13,Friday,mugging,MEDIUM,no,no,community_report
INC-0760,2025-09-12 20:19:00,Saddar,24.864331,67.029214,20,Friday,phone_snatching,HIGH,no,no,community_report
INC-1376,2025-09-12 22:36:00,FB Area,24.956189,67.105681,22,Friday,phone_snatching,HIGH,no,yes,community_report
INC-0429,2025-09-13 00:02:00,Landhi,24.850401,67.362373,0,Saturday,mugging,MEDIUM,no,no,community_report
INC-1850,2025-09-13 19:08:00,Malir Cantonment,24.873428,67.203855,19,Saturday,mugging,LOW,no,no,community_report
INC-1383,2025-09-13 21:27:00,Gulistan-e-Jauhar,24.912968,67.222517,21,Saturday,ride_hailing_incident,MEDIUM,no,yes,community_report
INC-0217,2025-09-14 08:07:00,Keamari,24.844872,66.987981,8,Sunday,robbery,HIGH,yes,no,community_report
INC-0300,2025-09-14 17:20:00,Baloch Colony,24.863774,67.074856,17,Sunday,phone_snatching,MEDIUM,no,yes,community_report
INC-0947,2025-09-14 20:28:00,North Nazimabad,24.950541,67.052997,20,Sunday,mugging,LOW,no,yes,community_report
INC-1330,2025-09-14 22:20:00,FB Area,24.956645,67.10621,22,Sunday,mugging,MEDIUM,no,no,community_report
INC-1087,2025-09-15 11:02:00,Sohrab Goth,24.958927,67.080763,11,Monday,mugging,MEDIUM,no,no,community_report
INC-1684,2025-09-15 19:39:00,Guru Mandir,24.866261,67.018972,19,Monday,mugging,HIGH,no,yes,community_report
INC-1213,2025-09-15 21:09:00,Garden West,24.879273,67.022765,21,Monday,mugging,HIGH,no,no,community_report
INC-1550,2025-09-15 23:00:00,DHA Phase 5,24.811094,67.088457,23,Monday,vehicle_theft,LOW,no,no,community_report
INC-1616,2025-09-16 19:56:00,Zamzama,24.825223,67.072781,19,Tuesday,phone_snatching,LOW,no,no,community_report
INC-0870,2025-09-16 22:09:00,Hassan Square,24.897342,67.072627,22,Tuesday,phone_snatching,MEDIUM,no,no,community_report
INC-1128,2025-09-17 13:36:00,Superhighway,24.978089,67.148484,13,Wednesday,vehicle_theft,MEDIUM,no,no,community_report
INC-1070,2025-09-17 16:42:00,Sohrab Goth,24.954004,67.079476,16,Wednesday,vehicle_theft,MEDIUM,no,no,community_report
INC-0437,2025-09-17 19:46:00,Landhi,24.850137,67.359432,19,Wednesday,vehicle_theft,HIGH,no,yes,community_report
INC-0518,2025-09-17 21:43:00,Korangi,24.822277,67.140075,21,Wednesday,mugging,MEDIUM,no,no,community_report
INC-1335,2025-09-17 22:39:00,FB Area,24.952362,67.105384,22,Wednesday,signal_robbery,LOW,yes,yes,community_report
INC-0848,2025-09-17 23:54:00,Teen Talwar,24.827899,67.031989,23,Wednesday,phone_snatching,LOW,no,no,community_report
INC-1744,2025-09-19 11:25:00,Nagan Chowrangi,24.941196,67.085749,11,Friday,signal_robbery,LOW,no,no,community_report
INC-1822,2025-09-19 18:13:00,Soldier Bazaar,24.884615,67.026972,18,Friday,mugging,MEDIUM,no,no,community_report
INC-1693,2025-09-19 21:57:00,Nagan Chowrangi,24.943534,67.08759,21,Friday,signal_robbery,LOW,yes,no,community_report
INC-1388,2025-09-19 22:54:00,Gulistan-e-Jauhar,24.91131,67.218195,22,Friday,mugging,HIGH,no,yes,community_report
INC-1500,2025-09-20 00:03:00,Clifton,24.823918,67.034716,0,Saturday,phone_snatching,LOW,no,no,community_report
INC-1142,2025-09-20 14:29:00,Superhighway,24.9802,67.147755,14,Saturday,robbery,MEDIUM,no,yes,community_report
INC-0394,2025-09-20 18:33:00,Liaquatabad,24.902606,67.036311,18,Saturday,phone_snatching,MEDIUM,no,yes,community_report
INC-1246,2025-09-20 19:31:00,Garden West,24.875806,67.019711,19,Saturday,mugging,MEDIUM,no,yes,community_report
INC-1287,2025-09-20 20:35:00,Nazimabad,24.921428,67.034432,20,Saturday,mugging,MEDIUM,no,no,community_report
INC-1332,2025-09-20 21:27:00,FB Area,24.952631,67.104016,21,Saturday,phone_snatching,LOW,no,yes,community_report
INC-0970,2025-09-21 09:57:00,North Nazimabad,24.950512,67.055547,9,Sunday,phone_snatching,HIGH,no,no,community_report
INC-0744,2025-09-21 10:18:00,Saddar,24.859818,67.027472,10,Sunday,phone_snatching,MEDIUM,no,yes,community_report
INC-0854,2025-09-21 13:12:00,Teen Talwar,24.83011,67.034321,13,Sunday,phone_snatching,MEDIUM,no,yes,community_report
INC-0406,2025-09-21 19:24:00,Liaquatabad,24.902245,67.036837,19,Sunday,phone_snatching,HIGH,no,no,community_report
INC-0320,2025-09-21 21:09:00,Baloch Colony,24.865027,67.07376,21,Sunday,phone_snatching,MEDIUM,no,no,community_report
INC-1283,2025-09-21 21:09:00,Nazimabad,24.922292,67.032476,21,Sunday,phone_snatching,HIGH,no,yes,community_report
INC-0732,2025-09-21 21:23:00,Saddar,24.862156,67.030936,21,Sunday,phone_snatching,MEDIUM,no,no,community_report
INC-1101,2025-09-21 22:43:00,Sohrab Goth,24.958321,67.080905,22,Sunday,mugging,HIGH,no,no,community_report
INC-1541,2025-09-24 01:09:00,DHA Phase 1,24.805887,67.061869,1,Wednesday,vehicle_theft,MEDIUM,no,no,community_report
INC-0306,2025-09-24 12:20:00,Baloch Colony,24.863345,67.072835,12,Wednesday,phone_snatching,HIGH,no,no,community_report
INC-0540,2025-09-24 21:58:00,Korangi,24.825629,67.13734,21,Wednesday,robbery,HIGH,yes,yes,community_report
INC-0711,2025-09-24 21:58:00,Saddar,24.86101,67.027259,21,Wednesday,mugging,MEDIUM,no,yes,community_report
INC-0143,2025-09-25 13:47:00,Orangi Town,24.966761,67.019978,13,Thursday,robbery,HIGH,no,no,community_report
INC-0348,2025-09-25 18:36:00,Liaquatabad,24.902233,67.032425,18,Thursday,phone_snatching,HIGH,no,no,community_report
INC-0715,2025-09-25 20:06:00,Saddar,24.861723,67.029005,20,Thursday,pickpocketing,HIGH,no,no,community_report
INC-0888,2025-09-25 21:16:00,Hassan Square,24.8999,67.070038,21,Thursday,phone_snatching,HIGH,no,no,community_report
INC-1083,2025-09-25 23:39:00,Sohrab Goth,24.954692,67.080985,23,Thursday,robbery,HIGH,yes,no,community_report
INC-1426,2025-09-25 23:47:00,Gulistan-e-Jauhar,24.909596,67.220302,23,Thursday,ride_hailing_incident,LOW,no,no,community_report
INC-1456,2025-09-26 09:58:00,PECHS,24.872141,67.079133,9,Friday,mugging,LOW,no,yes,community_report
INC-1782,2025-09-26 22:28:00,Soldier Bazaar,24.886978,67.028914,22,Friday,robbery,MEDIUM,no,no,community_report
INC-1844,2025-09-26 23:27:00,Malir Cantonment,24.87609,67.205726,23,Friday,vehicle_theft,LOW,no,no,community_report
INC-1892,2025-09-27 11:19:00,Model Colony,24.880766,67.147928,11,Saturday,mugging,LOW,no,no,community_report
INC-1601,2025-09-27 13:21:00,Zamzama,24.829661,67.075137,13,Saturday,mugging,MEDIUM,no,no,community_report
INC-1870,2025-09-27 20:14:00,Model Colony,24.880162,67.150043,20,Saturday,phone_snatching,LOW,no,no,community_report
INC-0101,2025-09-27 21:55:00,Orangi Town,24.96745,67.018029,21,Saturday,phone_snatching,MEDIUM,no,no,community_report
INC-0472,2025-09-28 00:54:00,Landhi,24.850659,67.358535,0,Sunday,mugging,HIGH,no,no,community_report
INC-0133,2025-09-28 14:56:00,Orangi Town,24.962713,67.0213,14,Sunday,mugging,HIGH,no,no,community_report
INC-1421,2025-09-28 17:20:00,Gulistan-e-Jauhar,24.909386,67.218263,17,Sunday,ride_hailing_incident,LOW,no,no,community_report
INC-0085,2025-09-28 18:27:00,Lyari,24.871807,67.012833,18,Sunday,mugging,MEDIUM,no,yes,community_report
INC-0897,2025-09-28 19:25:00,Hassan Square,24.89664,67.071206,19,Sunday,signal_robbery,HIGH,yes,yes,community_report
INC-1253,2025-09-28 21:33:00,Garden West,24.876281,67.017372,21,Sunday,phone_snatching,HIGH,no,no,community_report
INC-0109,2025-09-28 22:48:00,Orangi Town,24.966021,67.022786,22,Sunday,mugging,HIGH,no,no,community_report
INC-1549,2025-09-29 00:48:00,DHA Phase 1,24.80357,67.057246,0,Monday,phone_snatching,HIGH,no,no,community_report
INC-0759,2025-09-29 18:16:00,Saddar,24.861699,67.030974,18,Monday,phone_snatching,LOW,no,no,community_report
INC-0026,2025-09-30 00:17:00,Lyari,24.870884,67.012111,0,Tuesday,mugging,LOW,no,no,community_report
INC-1216,2025-09-30 13:44:00,Garden West,24.875684,67.018148,13,Tuesday,mugging,MEDIUM,no,yes,community_report
INC-0685,2025-09-30 19:41:00,Malir,24.894305,67.229999,19,Tuesday,mugging,MEDIUM,no,yes,community_report
INC-0671,2025-09-30 20:14:00,Malir,24.893338,67.230049,20,Tuesday,mugging,HIGH,no,no,community_report
INC-0276,2025-09-30 20:49:00,Baloch Colony,24.862348,67.076493,20,Tuesday,phone_snatching,HIGH,no,no,community_report
INC-1190,2025-10-01 01:15:00,Superhighway,24.980817,67.150885,1,Wednesday,vehicle_theft,MEDIUM,no,no,community_report
INC-0678,2025-10-01 14:35:00,Malir,24.896979,67.22808,14,Wednesday,phone_snatching,MEDIUM,no,no,community_report
INC-0354,2025-10-01 19:38:00,Liaquatabad,24.902175,67.034138,19,Wednesday,mugging,HIGH,no,yes,community_report
INC-0654,2025-10-01 19:46:00,Malir,24.898182,67.232183,19,Wednesday,mugging,MEDIUM,no,no,community_report
INC-0314,2025-10-01 21:57:00,Baloch Colony,24.863146,67.074506,21,Wednesday,phone_snatching,HIGH,no,no,community_report
INC-1051,2025-10-02 19:01:00,Gulshan-e-Iqbal,24.929485,67.134994,19,Thursday,signal_robbery,MEDIUM,no,no,community_report
INC-0875,2025-10-02 20:23:00,Hassan Square,24.900501,67.069371,20,Thursday,phone_snatching,LOW,no,yes,community_report
INC-1065,2025-10-02 23:57:00,Sohrab Goth,24.958542,67.078588,23,Thursday,robbery,MEDIUM,no,no,community_report
INC-0819,2025-10-03 08:32:00,Teen Talwar,24.82999,67.029508,8,Friday,phone_snatching,LOW,no,no,community_report
INC-0420,2025-10-03 18:51:00,Liaquatabad,24.906678,67.032709,18,Friday,phone_snatching,LOW,no,yes,community_report
INC-1199,2025-10-04 13:16:00,Garden West,24.879944,67.018541,13,Saturday,mugging,LOW,no,yes,community_report
INC-0576,2025-10-04 14:30:00,SITE Industrial Area,24.930042,66.999036,14,Saturday,vehicle_theft,MEDIUM,no,no,community_report
INC-0114,2025-10-04 15:35:00,Orangi Town,24.966646,67.018159,15,Saturday,mugging,MEDIUM,no,no,community_report
INC-0469,2025-10-05 09:10:00,Landhi,24.850851,67.357063,9,Sunday,vehicle_theft,HIGH,no,no,community_report
INC-0745,2025-10-05 09:47:00,Saddar,24.860518,67.029209,9,Sunday,pickpocketing,HIGH,no,no,community_report
INC-1321,2025-10-05 22:16:00,FB Area,24.954753,67.103344,22,Sunday,phone_snatching,MEDIUM,no,no,community_report
INC-0831,2025-10-05 22:21:00,Teen Talwar,24.828887,67.030595,22,Sunday,phone_snatching,LOW,no,yes,community_report
INC-0904,2025-10-05 22:30:00,Hassan Square,24.896396,67.071558,22,Sunday,signal_robbery,MEDIUM,yes,no,community_report
INC-1485,2025-10-05 23:04:00,Clifton,24.819503,67.035932,23,Sunday,phone_snatching,LOW,no,yes,community_report
INC-1154,2025-10-05 23:53:00,Superhighway,24.978061,67.150843,23,Sunday,vehicle_theft,HIGH,no,yes,community_report
INC-0037,2025-10-06 00:40:00,Lyari,24.872329,67.012475,0,Monday,mugging,MEDIUM,no,no,community_report
INC-1080,2025-10-06 21:26:00,Sohrab Goth,24.953352,67.077013,21,Monday,robbery,MEDIUM,yes,yes,community_report
INC-1454,2025-10-06 22:33:00,PECHS,24.874034,67.08129,22,Monday,vehicle_theft,MEDIUM,no,no,community_report
INC-0466,2025-10-06 23:42:00,Landhi,24.851494,67.362507,23,Monday,vehicle_theft,MEDIUM,no,no,community_report
INC-0213,2025-10-07 21:20:00,Keamari,24.84781,66.990575,21,Tuesday,robbery,MEDIUM,no,no,community_report
INC-1312,2025-10-07 21:23:00,Nazimabad,24.921765,67.036601,21,Tuesday,mugging,MEDIUM,no,no,community_report
INC-1677,2025-10-07 21:58:00,Guru Mandir,24.866033,67.016335,21,Tuesday,phone_snatching,MEDIUM,no,no,community_report
INC-0534,2025-10-07 22:36:00,Korangi,24.827854,67.14019,22,Tuesday,mugging,HIGH,no,no,community_report
INC-0246,2025-10-07 23:12:00,Keamari,24.84401,66.988962,23,Tuesday,robbery,HIGH,no,no,community_report
INC-0693,2025-10-07 23:31:00,Malir,24.898811,67.227024,23,Tuesday,mugging,LOW,no,no,community_report
INC-1174,2025-10-07 23:53:00,Superhighway,24.977118,67.150478,23,Tuesday,robbery,MEDIUM,no,no,community_report
INC-0218,2025-10-08 09:50:00,Keamari,24.842704,66.988749,9,Wednesday,mugging,HIGH,no,no,community_report
INC-1630,2025-10-08 19:41:00,Guru Mandir,24.866376,67.017824,19,Wednesday,mugging,HIGH,no,no,community_report
INC-1265,2025-10-08 19:56:00,Nazimabad,24.91855,67.032512,19,Wednesday,mugging,LOW,no,yes,community_report
INC-0968,2025-10-09 18:31:00,North Nazimabad,24.952765,67.054918,18,Thursday,mugging,HIGH,no,yes,community_report
INC-1508,2025-10-09 22:00:00,Clifton,24.822412,67.037465,22,Thursday,phone_snatching,LOW,no,yes,community_report
INC-1377,2025-10-09 23:27:00,FB Area,24.95524,67.10547,23,Thursday,phone_snatching,MEDIUM,no,no,community_report
INC-1328,2025-10-09 23:35:00,FB Area,24.956925,67.106197,23,Thursday,signal_robbery,HIGH,no,yes,community_report
INC-1877,2025-10-10 20:06:00,Model Colony,24.880471,67.146528,20,Friday,phone_snatching,LOW,no,yes,community_report
INC-1483,2025-10-11 00:42:00,Clifton,24.823674,67.037703,0,Saturday,vehicle_theft,MEDIUM,no,no,community_report
INC-1683,2025-10-11 19:36:00,Guru Mandir,24.866805,67.014949,19,Saturday,phone_snatching,HIGH,no,no,community_report
INC-1296,2025-10-11 20:34:00,Nazimabad,24.9225,67.034493,20,Saturday,mugging,MEDIUM,no,no,community_report
INC-1866,2025-10-11 21:53:00,Model Colony,24.884072,67.145055,21,Saturday,mugging,LOW,no,no,community_report
INC-1663,2025-10-12 15:45:00,Guru Mandir,24.869692,67.013121,15,Sunday,mugging,MEDIUM,no,no,community_report
INC-1753,2025-10-12 21:04:00,Nagan Chowrangi,24.939521,67.082179,21,Sunday,phone_snatching,HIGH,no,no,community_report
INC-0631,2025-10-12 21:13:00,SITE Industrial Area,24.931665,67.002584,21,Sunday,vehicle_theft,LOW,no,yes,community_report
INC-1739,2025-10-12 21:55:00,Nagan Chowrangi,24.941285,67.086382,21,Sunday,signal_robbery,MEDIUM,no,no,community_report
INC-0747,2025-10-13 10:51:00,Saddar,24.859614,67.026405,10,Monday,pickpocketing,MEDIUM,no,no,community_report
INC-1009,2025-10-13 21:14:00,Gulshan-e-Iqbal,24.928903,67.134215,21,Monday,mugging,MEDIUM,no,no,community_report
INC-1369,2025-10-13 22:38:00,FB Area,24.957337,67.107963,22,Monday,signal_robbery,MEDIUM,yes,yes,community_report
INC-0544,2025-10-13 23:08:00,Korangi,24.825699,67.138207,23,Monday,mugging,HIGH,no,no,community_report
INC-0134,2025-10-14 20:30:00,Orangi Town,24.966588,67.017707,20,Tuesday,mugging,LOW,no,yes,community_report
INC-0521,2025-10-14 23:03:00,Korangi,24.825356,67.14177,23,Tuesday,mugging,MEDIUM,no,no,community_report
INC-1525,2025-10-14 23:08:00,DHA Phase 1,24.806665,67.060985,23,Tuesday,vehicle_theft,MEDIUM,no,no,community_report
INC-1843,2025-10-14 23:26:00,Malir Cantonment,24.874562,67.203465,23,Tuesday,vehicle_theft,LOW,no,yes,community_report
INC-0286,2025-10-15 11:08:00,Baloch Colony,24.862242,67.077702,11,Wednesday,signal_robbery,HIGH,yes,yes,community_report
INC-1741,2025-10-15 22:41:00,Nagan Chowrangi,24.939753,67.083192,22,Wednesday,mugging,LOW,no,no,community_report
INC-0451,2025-10-16 01:57:00,Landhi,24.847414,67.357246,1,Thursday,vehicle_theft,HIGH,no,yes,community_report
INC-0675,2025-10-16 14:13:00,Malir,24.894236,67.232459,14,Thursday,mugging,MEDIUM,no,yes,community_report
INC-0353,2025-10-16 18:31:00,Liaquatabad,24.907756,67.03618,18,Thursday,phone_snatching,LOW,no,yes,community_report
INC-1813,2025-10-16 19:29:00,Soldier Bazaar,24.889119,67.02701,19,Thursday,phone_snatching,MEDIUM,no,no,community_report
INC-0629,2025-10-16 20:04:00,SITE Industrial Area,24.928159,66.999349,20,Thursday,vehicle_theft,LOW,no,no,community_report
INC-0443,2025-10-16 23:15:00,Landhi,24.848175,67.36027,23,Thursday,vehicle_theft,LOW,no,no,community_report
INC-1535,2025-10-17 01:53:00,DHA Phase 1,24.80724,67.060724,1,Friday,vehicle_theft,MEDIUM,no,no,community_report
INC-0403,2025-10-17 19:00:00,Liaquatabad,24.902443,67.033201,19,Friday,mugging,HIGH,no,yes,community_report
INC-1507,2025-10-17 23:48:00,Clifton,24.822499,67.035059,23,Friday,phone_snatching,HIGH,no,yes,community_report
INC-0639,2025-10-18 21:49:00,SITE Industrial Area,24.930313,67.002021,21,Saturday,mugging,LOW,no,no,community_report
INC-0013,2025-10-19 00:11:00,Lyari,24.869403,67.010686,0,Sunday,robbery,HIGH,no,no,community_report
INC-0350,2025-10-19 21:25:00,Liaquatabad,24.905379,67.037262,21,Sunday,phone_snatching,HIGH,no,no,community_report
INC-0039,2025-10-19 22:48:00,Lyari,24.870575,67.014611,22,Sunday,mugging,HIGH,no,no,community_report
INC-1107,2025-10-19 23:29:00,Sohrab Goth,24.955313,67.075855,23,Sunday,robbery,MEDIUM,no,no,community_report
INC-0339,2025-10-21 11:00:00,Baloch Colony,24.861831,67.077945,11,Tuesday,phone_snatching,MEDIUM,no,no,community_report
INC-1243,2025-10-21 19:11:00,Garden West,24.878719,67.022282,19,Tuesday,mugging,MEDIUM,no,no,community_report
INC-0375,2025-10-21 21:38:00,Liaquatabad,24.903989,67.033063,21,Tuesday,phone_snatching,HIGH,no,no,community_report
INC-1126,2025-10-22 23:38:00,Superhighway,24.978386,67.151147,23,Wednesday,robbery,HIGH,no,no,community_report
INC-0326,2025-10-22 23:50:00,Baloch Colony,24.865023,67.07578,23,Wednesday,phone_snatching,HIGH,no,no,community_report
INC-0070,2025-10-23 01:26:00,Lyari,24.872018,67.009375,1,Thursday,robbery,MEDIUM,no,no,community_report
INC-0710,2025-10-23 18:29:00,Saddar,24.860001,67.029233,18,Thursday,phone_snatching,MEDIUM,no,yes,community_report
INC-1266,2025-10-23 20:35:00,Nazimabad,24.922473,67.037689,20,Thursday,mugging,MEDIUM,no,no,community_report
INC-0899,2025-10-23 21:49:00,Hassan Square,24.897899,67.071825,21,Thursday,phone_snatching,LOW,no,no,community_report
INC-0140,2025-10-23 22:38:00,Orangi Town,24.967069,67.021949,22,Thursday,phone_snatching,MEDIUM,no,no,community_report
INC-1373,2025-10-23 23:52:00,FB Area,24.954387,67.105865,23,Thursday,phone_snatching,MEDIUM,no,no,community_report
INC-1767,2025-10-24 20:13:00,Soldier Bazaar,24.888691,67.030037,20,Friday,mugging,MEDIUM,no,yes,community_report
INC-0922,2025-10-24 21:57:00,Hassan Square,24.894963,67.072593,21,Friday,signal_robbery,MEDIUM,yes,no,community_report
INC-1125,2025-10-24 23:28:00,Superhighway,24.981566,67.149947,23,Friday,carjacking,MEDIUM,no,no,community_report
INC-1488,2025-10-24 23:29:00,Clifton,24.820883,67.033277,23,Friday,mugging,MEDIUM,no,yes,community_report
INC-0832,2025-10-24 23:58:00,Teen Talwar,24.827315,67.034156,23,Friday,mugging,LOW,no,no,community_report
INC-0200,2025-10-25 00:52:00,Keamari,24.843869,66.990722,0,Saturday,robbery,HIGH,no,no,community_report
INC-0672,2025-10-25 19:37:00,Malir,24.893628,67.229511,19,Saturday,mugging,MEDIUM,no,no,community_report
INC-0336,2025-10-25 21:10:00,Baloch Colony,24.861337,67.07536,21,Saturday,phone_snatching,HIGH,no,no,community_report
INC-1302,2025-10-26 12:30:00,Nazimabad,24.922689,67.035868,12,Sunday,mugging,MEDIUM,no,yes,community_report
INC-1817,2025-10-26 18:03:00,Soldier Bazaar,24.885428,67.025442,18,Sunday,mugging,MEDIUM,no,no,community_report
INC-0405,2025-10-26 19:18:00,Liaquatabad,24.902554,67.032109,19,Sunday,mugging,HIGH,no,no,community_report
INC-0590,2025-10-26 20:00:00,SITE Industrial Area,24.927165,67.002445,20,Sunday,vehicle_theft,LOW,no,no,community_report
INC-0921,2025-10-26 20:10:00,Hassan Square,24.895219,67.073114,20,Sunday,signal_robbery,HIGH,yes,yes,community_report
INC-0517,2025-10-26 22:42:00,Korangi,24.824291,67.142648,22,Sunday,mugging,LOW,no,no,community_report
INC-1612,2025-10-27 22:58:00,Zamzama,24.825497,67.075354,22,Monday,phone_snatching,LOW,no,no,community_report
INC-0580,2025-10-28 20:53:00,SITE Industrial Area,24.929552,66.997422,20,Tuesday,vehicle_theft,LOW,no,yes,community_report
INC-0975,2025-10-28 22:23:00,North Nazimabad,24.947728,67.057175,22,Tuesday,phone_snatching,HIGH,no,yes,community_report
INC-0333,2025-10-28 22:56:00,Baloch Colony,24.865937,67.076164,22,Tuesday,phone_snatching,HIGH,no,yes,community_report
INC-0232,2025-10-28 22:57:00,Keamari,24.844937,66.988701,22,Tuesday,mugging,HIGH,no,yes,community_report
INC-0623,2025-10-29 13:40:00,SITE Industrial Area,24.929321,66.999108,13,Wednesday,mugging,LOW,no,no,community_report
INC-1634,2025-10-29 19:08:00,Guru Mandir,24.867825,67.018809,19,Wednesday,mugging,HIGH,no,no,community_report
INC-0670,2025-10-30 16:02:00,Malir,24.898781,67.22889,16,Thursday,mugging,MEDIUM,no,yes,community_report
INC-0372,2025-10-30 19:22:00,Liaquatabad,24.906677,67.037168,19,Thursday,mugging,MEDIUM,no,no,community_report
INC-1334,2025-10-30 22:05:00,FB Area,24.95293,67.102374,22,Thursday,phone_snatching,MEDIUM,no,yes,community_report
INC-1471,2025-10-30 22:44:00,PECHS,24.874795,67.077258,22,Thursday,phone_snatching,LOW,no,yes,community_report
INC-1720,2025-10-31 20:31:00,Nagan Chowrangi,24.944887,67.084139,20,Friday,mugging,HIGH,no,no,community_report
INC-0041,2025-11-01 00:28:00,Lyari,24.869442,67.013041,0,Saturday,mugging,HIGH,no,no,community_report
INC-1317,2025-11-01 10:39:00,FB Area,24.952746,67.105786,10,Saturday,phone_snatching,HIGH,no,no,community_report
INC-0471,2025-11-01 15:56:00,Landhi,24.850447,67.359107,15,Saturday,robbery,HIGH,no,no,community_report
INC-1148,2025-11-01 22:48:00,Superhighway,24.981758,67.147353,22,Saturday,carjacking,HIGH,no,no,community_report
INC-0216,2025-11-01 23:49:00,Keamari,24.842789,66.988615,23,Saturday,robbery,LOW,no,yes,community_report
INC-1252,2025-11-02 20:42:00,Garden West,24.876408,67.021965,20,Sunday,phone_snatching,HIGH,no,no,community_report
INC-0594,2025-11-02 22:20:00,SITE Industrial Area,24.928113,67.001802,22,Sunday,vehicle_theft,MEDIUM,no,no,community_report
INC-0555,2025-11-02 23:56:00,Korangi,24.824961,67.141437,23,Sunday,mugging,HIGH,no,no,community_report
INC-0978,2025-11-03 13:19:00,North Nazimabad,24.949939,67.052804,13,Monday,signal_robbery,HIGH,no,yes,community_report
INC-0560,2025-11-03 16:22:00,Korangi,24.825668,67.141274,16,Monday,robbery,HIGH,yes,no,community_report
INC-0311,2025-11-03 21:41:00,Baloch Colony,24.866566,67.07647,21,Monday,signal_robbery,MEDIUM,yes,no,community_report
INC-0038,2025-11-03 22:16:00,Lyari,24.869635,67.012735,22,Monday,mugging,HIGH,no,no,community_report
INC-0002,2025-11-04 21:19:00,Lyari,24.872516,67.013388,21,Tuesday,phone_snatching,HIGH,no,no,community_report
INC-0004,2025-11-04 22:24:00,Lyari,24.871472,67.010207,22,Tuesday,robbery,HIGH,yes,no,community_report
INC-0448,2025-11-04 23:14:00,Landhi,24.851938,67.361339,23,Tuesday,vehicle_theft,HIGH,no,no,community_report
INC-1881,2025-11-05 20:59:00,Model Colony,24.880727,67.150901,20,Wednesday,phone_snatching,LOW,no,yes,community_report
INC-0119,2025-11-05 21:15:00,Orangi Town,24.963882,67.022189,21,Wednesday,phone_snatching,HIGH,no,no,community_report
INC-1688,2025-11-06 12:40:00,Guru Mandir,24.867281,67.01307,12,Thursday,mugging,HIGH,no,no,community_report
INC-1272,2025-11-06 19:52:00,Nazimabad,24.922784,67.034693,19,Thursday,mugging,MEDIUM,no,yes,community_report
INC-0996,2025-11-06 21:29:00,Gulshan-e-Iqbal,24.927015,67.13739,21,Thursday,signal_robbery,LOW,yes,no,community_report
INC-1304,2025-11-06 21:30:00,Nazimabad,24.92218,67.034033,21,Thursday,phone_snatching,MEDIUM,no,yes,community_report
INC-0526,2025-11-06 22:52:00,Korangi,24.823846,67.142079,22,Thursday,mugging,HIGH,no,yes,community_report
INC-0931,2025-11-06 23:14:00,North Nazimabad,24.949815,67.05728,23,Thursday,mugging,MEDIUM,no,yes,community_report
INC-1626,2025-11-07 11:54:00,Guru Mandir,24.867028,67.018484,11,Friday,mugging,HIGH,no,no,community_report
INC-0936,2025-11-07 12:00:00,North Nazimabad,24.950229,67.055779,12,Friday,phone_snatching,LOW,no,no,community_report
INC-1766,2025-11-07 18:35:00,Soldier Bazaar,24.886535,67.028887,18,Friday,phone_snatching,LOW,no,no,community_report
INC-1134,2025-11-07 22:38:00,Superhighway,24.978596,67.149375,22,Friday,vehicle_theft,MEDIUM,no,no,community_report
INC-0031,2025-11-07 22:40:00,Lyari,24.872682,67.013512,22,Friday,robbery,HIGH,yes,yes,community_report
INC-0720,2025-11-08 12:46:00,Saddar,24.859106,67.02534,12,Saturday,phone_snatching,HIGH,no,no,community_report
INC-1439,2025-11-08 15:59:00,PECHS,24.877643,67.081433,15,Saturday,phone_snatching,MEDIUM,no,no,community_report
INC-1122,2025-11-09 00:56:00,Sohrab Goth,24.954054,67.076405,0,Sunday,mugging,HIGH,no,no,community_report
INC-0016,2025-11-09 20:07:00,Lyari,24.873448,67.013637,20,Sunday,mugging,HIGH,no,no,community_report
INC-1732,2025-11-09 20:47:00,Nagan Chowrangi,24.94131,67.087826,20,Sunday,signal_robbery,LOW,no,yes,community_report
INC-1423,2025-11-09 21:30:00,Gulistan-e-Jauhar,24.910426,67.217521,21,Sunday,phone_snatching,LOW,no,no,community_report
INC-0618,2025-11-09 21:33:00,SITE Industrial Area,24.93014,66.998864,21,Sunday,robbery,HIGH,no,no,community_report
INC-1349,2025-11-09 23:10:00,FB Area,24.95568,67.106716,23,Sunday,mugging,MEDIUM,no,no,community_report
INC-0210,2025-11-09 23:26:00,Keamari,24.846403,66.991265,23,Sunday,robbery,HIGH,no,no,community_report
INC-0523,2025-11-10 13:15:00,Korangi,24.824646,67.139901,13,Monday,mugging,LOW,no,no,community_report
INC-1370,2025-11-10 22:42:00,FB Area,24.953782,67.103974,22,Monday,mugging,HIGH,no,no,community_report
INC-0511,2025-11-10 22:55:00,Korangi,24.827951,67.142182,22,Monday,mugging,HIGH,no,no,community_report
INC-1322,2025-11-12 15:54:00,FB Area,24.956678,67.107651,15,Wednesday,phone_snatching,MEDIUM,no,yes,community_report
INC-1819,2025-11-12 19:03:00,Soldier Bazaar,24.889093,67.026085,19,Wednesday,robbery,MEDIUM,yes,no,community_report
INC-1674,2025-11-12 19:37:00,Guru Mandir,24.866278,67.01889,19,Wednesday,phone_snatching,MEDIUM,no,no,community_report
INC-0942,2025-11-12 21:33:00,North Nazimabad,24.951846,67.053437,21,Wednesday,phone_snatching,LOW,no,yes,community_report
INC-1692,2025-11-12 21:44:00,Guru Mandir,24.870594,67.013538,21,Wednesday,phone_snatching,HIGH,no,yes,community_report
INC-1872,2025-11-13 20:36:00,Model Colony,24.881903,67.150335,20,Thursday,phone_snatching,MEDIUM,no,yes,community_report
INC-0913,2025-11-13 21:50:00,Hassan Square,24.900413,67.073257,21,Thursday,signal_robbery,LOW,yes,no,community_report
INC-0222,2025-11-14 14:50:00,Keamari,24.846471,66.992135,14,Friday,vehicle_theft,HIGH,no,yes,community_report
INC-1196,2025-11-14 20:15:00,Garden West,24.877803,67.018891,20,Friday,mugging,MEDIUM,no,yes,community_report
INC-0992,2025-11-14 20:39:00,North Nazimabad,24.952747,67.056905,20,Friday,mugging,MEDIUM,no,yes,community_report
INC-0061,2025-11-15 01:20:00,Lyari,24.872352,67.010116,1,Saturday,robbery,HIGH,yes,no,community_report
INC-0805,2025-11-15 13:39:00,Teen Talwar,24.829534,67.033488,13,Saturday,phone_snatching,MEDIUM,no,no,community_report
INC-1652,2025-11-16 19:35:00,Guru Mandir,24.86531,67.014053,19,Sunday,phone_snatching,HIGH,no,yes,community_report
INC-1801,2025-11-16 19:51:00,Soldier Bazaar,24.889206,67.030478,19,Sunday,robbery,LOW,no,no,community_report
INC-1772,2025-11-16 20:13:00,Soldier Bazaar,24.884879,67.028112,20,Sunday,mugging,HIGH,no,no,community_report
INC-1028,2025-11-16 21:04:00,Gulshan-e-Iqbal,24.92982,67.137544,21,Sunday,signal_robbery,MEDIUM,no,no,community_report
INC-0220,2025-11-16 21:08:00,Keamari,24.843906,66.992883,21,Sunday,vehicle_theft,MEDIUM,no,no,community_report
INC-1315,2025-11-16 23:07:00,FB Area,24.956052,67.104577,23,Sunday,mugging,LOW,no,no,community_report
INC-1463,2025-11-16 23:39:00,PECHS,24.874651,67.080819,23,Sunday,phone_snatching,MEDIUM,no,no,community_report
INC-0324,2025-11-17 08:22:00,Baloch Colony,24.866731,67.072731,8,Monday,phone_snatching,HIGH,no,no,community_report
INC-0652,2025-11-17 21:40:00,Malir,24.897776,67.232284,21,Monday,mugging,HIGH,no,no,community_report
INC-0752,2025-11-18 09:58:00,Saddar,24.860423,67.027151,9,Tuesday,mugging,HIGH,no,yes,community_report
INC-1636,2025-11-18 19:48:00,Guru Mandir,24.867146,67.013545,19,Tuesday,mugging,MEDIUM,no,no,community_report
INC-1095,2025-11-18 22:07:00,Sohrab Goth,24.95895,67.080289,22,Tuesday,vehicle_theft,HIGH,no,no,community_report
INC-0407,2025-11-18 23:42:00,Liaquatabad,24.903824,67.032742,23,Tuesday,mugging,MEDIUM,no,no,community_report
INC-0524,2025-11-18 23:50:00,Korangi,24.825439,67.137419,23,Tuesday,mugging,HIGH,no,no,community_report
INC-0168,2025-11-19 19:46:00,Orangi Town,24.966956,67.017616,19,Wednesday,mugging,HIGH,no,yes,community_report
INC-1391,2025-11-19 22:31:00,Gulistan-e-Jauhar,24.912322,67.220717,22,Wednesday,ride_hailing_incident,LOW,no,no,community_report
INC-1062,2025-11-19 23:05:00,Sohrab Goth,24.958995,67.079297,23,Wednesday,robbery,HIGH,yes,no,community_report
INC-1181,2025-11-19 23:12:00,Superhighway,24.977477,67.148449,23,Wednesday,robbery,MEDIUM,yes,no,community_report
INC-0817,2025-11-20 20:10:00,Teen Talwar,24.831514,67.035309,20,Thursday,phone_snatching,MEDIUM,no,no,community_report
INC-1244,2025-11-20 20:41:00,Garden West,24.875027,67.022934,20,Thursday,robbery,HIGH,yes,yes,community_report
INC-1012,2025-11-21 09:45:00,Gulshan-e-Iqbal,24.927217,67.135432,9,Friday,mugging,MEDIUM,no,no,community_report
INC-0389,2025-11-21 18:57:00,Liaquatabad,24.904677,67.03662,18,Friday,phone_snatching,MEDIUM,no,no,community_report
INC-1277,2025-11-21 21:38:00,Nazimabad,24.92234,67.035709,21,Friday,mugging,HIGH,no,no,community_report
INC-1618,2025-11-21 21:44:00,Guru Mandir,24.866708,67.015313,21,Friday,phone_snatching,LOW,no,no,community_report
INC-0178,2025-11-22 22:09:00,Orangi Town,24.966005,67.020911,22,Saturday,phone_snatching,HIGH,no,no,community_report
INC-0110,2025-11-22 22:12:00,Orangi Town,24.964595,67.020615,22,Saturday,phone_snatching,MEDIUM,no,yes,community_report
INC-0838,2025-11-22 23:02:00,Teen Talwar,24.830461,67.03233,23,Saturday,phone_snatching,HIGH,no,no,community_report
INC-0830,2025-11-23 21:28:00,Teen Talwar,24.830552,67.032086,21,Sunday,phone_snatching,MEDIUM,no,no,community_report
INC-1481,2025-11-24 18:52:00,Clifton,24.819813,67.033386,18,Monday,vehicle_theft,LOW,no,no,community_report
INC-1386,2025-11-24 21:41:00,Gulistan-e-Jauhar,24.912158,67.218998,21,Monday,phone_snatching,LOW,no,no,community_report
INC-0378,2025-11-25 09:45:00,Liaquatabad,24.903656,67.032435,9,Tuesday,phone_snatching,HIGH,no,yes,community_report
INC-0086,2025-11-25 10:51:00,Lyari,24.873841,67.011921,10,Tuesday,robbery,MEDIUM,yes,yes,community_report
INC-0508,2025-11-25 17:07:00,Korangi,24.826957,67.140595,17,Tuesday,mugging,HIGH,no,no,community_report
INC-0889,2025-11-25 20:32:00,Hassan Square,24.898847,67.070462,20,Tuesday,signal_robbery,MEDIUM,no,no,community_report
INC-1785,2025-11-25 21:46:00,Soldier Bazaar,24.888801,67.027758,21,Tuesday,mugging,LOW,no,no,community_report
INC-0170,2025-11-25 22:39:00,Orangi Town,24.964981,67.020646,22,Tuesday,robbery,HIGH,no,yes,community_report
INC-1058,2025-11-26 10:00:00,Sohrab Goth,24.955765,67.080136,10,Wednesday,vehicle_theft,LOW,no,no,community_report
INC-0874,2025-11-26 12:08:00,Hassan Square,24.89821,67.07322,12,Wednesday,phone_snatching,MEDIUM,no,no,community_report
INC-1307,2025-11-26 21:50:00,Nazimabad,24.918976,67.036718,21,Wednesday,phone_snatching,MEDIUM,no,no,community_report
INC-1397,2025-11-26 22:03:00,Gulistan-e-Jauhar,24.907491,67.221672,22,Wednesday,ride_hailing_incident,MEDIUM,no,yes,community_report
INC-0098,2025-11-27 01:42:00,Lyari,24.870534,67.010364,1,Thursday,robbery,MEDIUM,yes,no,community_report
INC-0455,2025-11-27 18:59:00,Landhi,24.849324,67.362588,18,Thursday,vehicle_theft,HIGH,no,yes,community_report
INC-1899,2025-11-27 19:54:00,Model Colony,24.881987,67.150527,19,Thursday,phone_snatching,HIGH,no,no,community_report
INC-0392,2025-11-27 20:07:00,Liaquatabad,24.90327,67.035776,20,Thursday,robbery,HIGH,yes,yes,community_report
INC-1055,2025-11-28 11:32:00,Sohrab Goth,24.956126,67.077564,11,Friday,mugging,MEDIUM,no,no,community_report
INC-0404,2025-11-28 19:26:00,Liaquatabad,24.902692,67.037087,19,Friday,phone_snatching,HIGH,no,yes,community_report
INC-0920,2025-11-28 22:36:00,Hassan Square,24.895871,67.070017,22,Friday,mugging,LOW,no,no,community_report
INC-1794,2025-11-28 23:32:00,Soldier Bazaar,24.88639,67.02643,23,Friday,phone_snatching,MEDIUM,no,no,community_report
INC-0328,2025-11-29 20:51:00,Baloch Colony,24.862223,67.07563,20,Saturday,phone_snatching,MEDIUM,no,no,community_report
INC-1092,2025-11-29 21:41:00,Sohrab Goth,24.95393,67.075812,21,Saturday,mugging,HIGH,no,no,community_report
INC-0911,2025-11-29 21:52:00,Hassan Square,24.896923,67.069764,21,Saturday,phone_snatching,LOW,no,no,community_report
INC-1719,2025-11-29 22:27:00,Nagan Chowrangi,24.940343,67.085786,22,Saturday,phone_snatching,MEDIUM,no,yes,community_report
INC-1701,2025-11-30 12:06:00,Nagan Chowrangi,24.942398,67.087917,12,Sunday,phone_snatching,MEDIUM,no,no,community_report
INC-1256,2025-11-30 20:23:00,Garden West,24.878741,67.022259,20,Sunday,mugging,HIGH,no,no,community_report
INC-1651,2025-11-30 21:15:00,Guru Mandir,24.86924,67.01403,21,Sunday,mugging,HIGH,no,no,community_report
INC-1428,2025-11-30 23:57:00,Gulistan-e-Jauhar,24.9071,67.22115,23,Sunday,mugging,HIGH,no,no,community_report
INC-1776,2025-12-01 12:36:00,Soldier Bazaar,24.889946,67.025414,12,Monday,phone_snatching,LOW,no,no,community_report
INC-1544,2025-12-02 23:50:00,DHA Phase 1,24.802827,67.060032,23,Tuesday,phone_snatching,LOW,no,no,community_report
INC-0047,2025-12-03 09:16:00,Lyari,24.869898,67.011221,9,Wednesday,robbery,HIGH,no,no,community_report
INC-0190,2025-12-03 19:11:00,Orangi Town,24.966703,67.022254,19,Wednesday,phone_snatching,HIGH,no,yes,community_report
INC-1042,2025-12-03 20:00:00,Gulshan-e-Iqbal,24.932419,67.135056,20,Wednesday,signal_robbery,LOW,no,yes,community_report
INC-1802,2025-12-03 21:02:00,Soldier Bazaar,24.889557,67.027449,21,Wednesday,phone_snatching,HIGH,no,no,community_report
INC-0436,2025-12-03 23:21:00,Landhi,24.852884,67.36178,23,Wednesday,vehicle_theft,HIGH,no,no,community_report
INC-1268,2025-12-04 11:53:00,Nazimabad,24.922941,67.032305,11,Thursday,mugging,LOW,no,no,community_report
INC-1235,2025-12-04 13:33:00,Garden West,24.87864,67.020964,13,Thursday,robbery,MEDIUM,no,yes,community_report
INC-0871,2025-12-04 20:25:00,Hassan Square,24.899585,67.072091,20,Thursday,phone_snatching,MEDIUM,no,no,community_report
INC-0072,2025-12-05 01:57:00,Lyari,24.873,67.014161,1,Friday,phone_snatching,HIGH,no,no,community_report
INC-1057,2025-12-05 17:52:00,Sohrab Goth,24.955552,67.078195,17,Friday,mugging,HIGH,no,yes,community_report
INC-1668,2025-12-05 18:21:00,Guru Mandir,24.870438,67.016325,18,Friday,phone_snatching,LOW,no,no,community_report
INC-0054,2025-12-05 20:40:00,Lyari,24.869888,67.011962,20,Friday,mugging,HIGH,no,yes,community_report
INC-0522,2025-12-05 21:22:00,Korangi,24.822699,67.137512,21,Friday,phone_snatching,HIGH,no,no,community_report
INC-1310,2025-12-06 20:53:00,Nazimabad,24.918569,67.03491,20,Saturday,robbery,HIGH,yes,yes,community_report
INC-0189,2025-12-08 22:47:00,Orangi Town,24.967207,67.021263,22,Monday,mugging,HIGH,no,yes,community_report
INC-1572,2025-12-08 23:34:00,DHA Phase 5,24.809305,67.091909,23,Monday,vehicle_theft,LOW,no,no,community_report
INC-1164,2025-12-10 00:18:00,Superhighway,24.98248,67.14792,0,Wednesday,vehicle_theft,LOW,no,no,community_report
INC-0944,2025-12-10 20:30:00,North Nazimabad,24.948466,67.055542,20,Wednesday,phone_snatching,HIGH,no,yes,community_report
INC-0761,2025-12-10 22:17:00,Saddar,24.861636,67.030472,22,Wednesday,phone_snatching,MEDIUM,no,yes,community_report
INC-1118,2025-12-11 21:55:00,Sohrab Goth,24.958901,67.077379,21,Thursday,robbery,HIGH,no,no,community_report
INC-1493,2025-12-12 00:39:00,Clifton,24.81925,67.037442,0,Friday,phone_snatching,LOW,no,no,community_report
INC-0554,2025-12-12 23:31:00,Korangi,24.825055,67.139301,23,Friday,mugging,MEDIUM,no,yes,community_report
INC-1078,2025-12-12 23:40:00,Sohrab Goth,24.954024,67.079853,23,Friday,robbery,HIGH,no,no,community_report
INC-1035,2025-12-13 08:58:00,Gulshan-e-Iqbal,24.932575,67.132738,8,Saturday,signal_robbery,LOW,yes,no,community_report
INC-0071,2025-12-13 11:35:00,Lyari,24.872384,67.010373,11,Saturday,robbery,HIGH,yes,yes,community_report
INC-0981,2025-12-13 23:09:00,North Nazimabad,24.947402,67.052069,23,Saturday,mugging,HIGH,no,no,community_report
INC-0783,2025-12-14 08:57:00,Teen Talwar,24.827692,67.035283,8,Sunday,phone_snatching,MEDIUM,no,yes,community_report
INC-0612,2025-12-14 09:47:00,SITE Industrial Area,24.928958,67.002223,9,Sunday,mugging,HIGH,no,no,community_report
INC-0792,2025-12-14 17:33:00,Teen Talwar,24.83126,67.035347,17,Sunday,phone_snatching,MEDIUM,no,no,community_report
INC-0833,2025-12-14 20:14:00,Teen Talwar,24.830109,67.030254,20,Sunday,mugging,HIGH,no,yes,community_report
INC-0552,2025-12-15 13:34:00,Korangi,24.826687,67.142345,13,Monday,mugging,MEDIUM,no,no,community_report
INC-0766,2025-12-15 19:32:00,Saddar,24.859131,67.030108,19,Monday,pickpocketing,MEDIUM,no,no,community_report
INC-0791,2025-12-15 20:12:00,Teen Talwar,24.828467,67.035439,20,Monday,signal_robbery,MEDIUM,yes,no,community_report
INC-1086,2025-12-15 22:45:00,Sohrab Goth,24.953745,67.080325,22,Monday,mugging,HIGH,no,no,community_report
INC-1159,2025-12-16 01:42:00,Superhighway,24.979651,67.150987,1,Tuesday,robbery,HIGH,yes,no,community_report
INC-1355,2025-12-16 09:07:00,FB Area,24.956006,67.103897,9,Tuesday,mugging,MEDIUM,no,no,community_report
INC-0492,2025-12-16 13:33:00,Landhi,24.852708,67.358855,13,Tuesday,vehicle_theft,MEDIUM,no,no,community_report
INC-1099,2025-12-16 21:33:00,Sohrab Goth,24.954923,67.079271,21,Tuesday,vehicle_theft,MEDIUM,no,no,community_report
INC-0362,2025-12-16 21:48:00,Liaquatabad,24.903073,67.035467,21,Tuesday,phone_snatching,MEDIUM,no,no,community_report
INC-1595,2025-12-16 22:09:00,Zamzama,24.826018,67.075495,22,Tuesday,phone_snatching,LOW,no,yes,community_report
INC-1145,2025-12-16 22:28:00,Superhighway,24.982894,67.152308,22,Tuesday,carjacking,MEDIUM,no,yes,community_report
INC-1624,2025-12-17 21:07:00,Guru Mandir,24.866505,67.016641,21,Wednesday,mugging,MEDIUM,no,no,community_report
INC-1828,2025-12-17 23:21:00,Malir Cantonment,24.87389,67.207016,23,Wednesday,vehicle_theft,LOW,no,no,community_report
INC-0718,2025-12-18 09:07:00,Saddar,24.861022,67.02503,9,Thursday,pickpocketing,MEDIUM,no,yes,community_report
INC-1901,2025-12-18 20:00:00,Model Colony,24.881907,67.149967,20,Thursday,mugging,MEDIUM,no,no,community_report
INC-1711,2025-12-18 20:48:00,Nagan Chowrangi,24.94272,67.087049,20,Thursday,signal_robbery,LOW,no,no,community_report
INC-1723,2025-12-18 22:10:00,Nagan Chowrangi,24.942123,67.0843,22,Thursday,signal_robbery,LOW,yes,yes,community_report
INC-0856,2025-12-18 22:14:00,Teen Talwar,24.831514,67.032898,22,Thursday,signal_robbery,HIGH,no,no,community_report
INC-0309,2025-12-18 22:39:00,Baloch Colony,24.866896,67.076921,22,Thursday,signal_robbery,HIGH,no,yes,community_report
INC-1751,2025-12-19 21:09:00,Nagan Chowrangi,24.939611,67.087787,21,Friday,signal_robbery,MEDIUM,no,no,community_report
INC-1605,2025-12-19 22:07:00,Zamzama,24.825256,67.074009,22,Friday,phone_snatching,LOW,no,no,community_report
INC-0572,2025-12-20 09:56:00,SITE Industrial Area,24.92816,67.001299,9,Saturday,mugging,LOW,no,yes,community_report
INC-1657,2025-12-20 19:52:00,Guru Mandir,24.86546,67.014786,19,Saturday,robbery,HIGH,no,no,community_report
INC-0128,2025-12-20 21:05:00,Orangi Town,24.965381,67.020251,21,Saturday,robbery,MEDIUM,yes,yes,community_report
INC-0154,2025-12-20 21:29:00,Orangi Town,24.966657,67.017472,21,Saturday,phone_snatching,MEDIUM,no,no,community_report
INC-0027,2025-12-20 22:01:00,Lyari,24.873572,67.013534,22,Saturday,phone_snatching,HIGH,no,no,community_report
INC-1441,2025-12-20 23:01:00,PECHS,24.875935,67.082792,23,Saturday,phone_snatching,LOW,no,yes,community_report
INC-0932,2025-12-21 21:55:00,North Nazimabad,24.948982,67.05747,21,Sunday,signal_robbery,MEDIUM,no,no,community_report
INC-1394,2025-12-21 23:24:00,Gulistan-e-Jauhar,24.907885,67.217765,23,Sunday,ride_hailing_incident,LOW,no,no,community_report
INC-1531,2025-12-21 23:51:00,DHA Phase 1,24.802092,67.058341,23,Sunday,vehicle_theft,LOW,no,yes,community_report
INC-0022,2025-12-22 11:12:00,Lyari,24.872612,67.011442,11,Monday,mugging,HIGH,no,no,community_report
INC-0734,2025-12-22 13:40:00,Saddar,24.859506,67.027137,13,Monday,pickpocketing,MEDIUM,no,no,community_report
INC-1368,2025-12-22 16:05:00,FB Area,24.956996,67.102421,16,Monday,phone_snatching,MEDIUM,no,no,community_report
INC-0391,2025-12-22 18:38:00,Liaquatabad,24.903285,67.037398,18,Monday,mugging,HIGH,no,no,community_report
INC-1273,2025-12-22 19:02:00,Nazimabad,24.922361,67.036669,19,Monday,mugging,LOW,no,no,community_report
INC-1398,2025-12-22 21:05:00,Gulistan-e-Jauhar,24.908197,67.217551,21,Monday,ride_hailing_incident,MEDIUM,no,yes,community_report
INC-0895,2025-12-22 21:07:00,Hassan Square,24.898997,67.070243,21,Monday,signal_robbery,MEDIUM,yes,no,community_report
INC-0781,2025-12-22 22:59:00,Teen Talwar,24.832492,67.035107,22,Monday,phone_snatching,HIGH,no,yes,community_report
INC-0914,2025-12-23 19:09:00,Hassan Square,24.900849,67.071598,19,Tuesday,mugging,HIGH,no,yes,community_report
INC-1014,2025-12-23 20:00:00,Gulshan-e-Iqbal,24.931033,67.134807,20,Tuesday,signal_robbery,HIGH,no,no,community_report
INC-0413,2025-12-23 21:14:00,Liaquatabad,24.904955,67.0374,21,Tuesday,phone_snatching,LOW,no,yes,community_report
INC-1814,2025-12-23 23:17:00,Soldier Bazaar,24.889689,67.030895,23,Tuesday,robbery,LOW,no,yes,community_report
INC-1747,2025-12-24 20:42:00,Nagan Chowrangi,24.940276,67.083942,20,Wednesday,mugging,LOW,no,no,community_report
INC-1327,2025-12-24 21:08:00,FB Area,24.953265,67.103208,21,Wednesday,phone_snatching,MEDIUM,no,no,community_report
INC-1849,2025-12-25 00:26:00,Malir Cantonment,24.873196,67.207384,0,Thursday,mugging,HIGH,no,yes,community_report
INC-0351,2025-12-25 19:36:00,Liaquatabad,24.902173,67.032721,19,Thursday,mugging,LOW,no,yes,community_report
INC-1231,2025-12-25 20:10:00,Garden West,24.878387,67.018077,20,Thursday,phone_snatching,HIGH,no,no,community_report
INC-0800,2025-12-25 21:43:00,Teen Talwar,24.830935,67.032834,21,Thursday,phone_snatching,HIGH,no,yes,community_report
INC-1629,2025-12-25 22:40:00,Guru Mandir,24.869705,67.018009,22,Thursday,phone_snatching,MEDIUM,no,no,community_report
INC-0872,2025-12-26 15:35:00,Hassan Square,24.896568,67.071679,15,Friday,signal_robbery,MEDIUM,yes,no,community_report
INC-0321,2025-12-26 15:52:00,Baloch Colony,24.864792,67.072917,15,Friday,phone_snatching,HIGH,no,no,community_report
INC-1593,2025-12-26 21:40:00,Zamzama,24.829975,67.074087,21,Friday,phone_snatching,MEDIUM,no,no,community_report
INC-1114,2025-12-26 22:11:00,Sohrab Goth,24.955359,67.079409,22,Friday,robbery,HIGH,yes,no,community_report
INC-1490,2025-12-27 00:42:00,Clifton,24.823382,67.03363,0,Saturday,phone_snatching,MEDIUM,no,yes,community_report
INC-0954,2025-12-28 10:04:00,North Nazimabad,24.951295,67.052828,10,Sunday,mugging,MEDIUM,no,no,community_report
INC-0271,2025-12-28 21:10:00,Keamari,24.845255,66.989293,21,Sunday,robbery,MEDIUM,yes,yes,community_report
INC-0558,2025-12-28 21:38:00,Korangi,24.827653,67.140299,21,Sunday,phone_snatching,HIGH,no,yes,community_report
INC-1900,2025-12-29 20:38:00,Model Colony,24.8799,67.150132,20,Monday,phone_snatching,MEDIUM,no,no,community_report
INC-1066,2025-12-29 23:05:00,Sohrab Goth,24.954701,67.07533,23,Monday,mugging,HIGH,no,no,community_report
INC-0553,2025-12-30 20:17:00,Korangi,24.822466,67.140217,20,Tuesday,phone_snatching,HIGH,no,no,community_report
INC-1414,2025-12-30 22:54:00,Gulistan-e-Jauhar,24.90885,67.21892,22,Tuesday,phone_snatching,LOW,no,no,community_report
INC-1325,2025-12-30 23:18:00,FB Area,24.954738,67.103507,23,Tuesday,phone_snatching,MEDIUM,no,no,community_report
INC-0814,2025-12-30 23:41:00,Teen Talwar,24.827155,67.034544,23,Tuesday,signal_robbery,LOW,yes,no,community_report
INC-1778,2025-12-31 14:55:00,Soldier Bazaar,24.889587,67.026611,14,Wednesday,mugging,HIGH,no,yes,community_report
INC-0295,2025-12-31 15:39:00,Baloch Colony,24.861636,67.077344,15,Wednesday,phone_snatching,HIGH,no,no,community_report
INC-0446,2025-12-31 15:41:00,Landhi,24.84962,67.360348,15,Wednesday,vehicle_theft,MEDIUM,no,yes,community_report
INC-0972,2025-12-31 20:07:00,North Nazimabad,24.951671,67.053486,20,Wednesday,phone_snatching,HIGH,no,no,community_report
INC-0291,2025-12-31 21:10:00,Baloch Colony,24.86201,67.075591,21,Wednesday,signal_robbery,HIGH,no,yes,community_report
INC-0515,2025-12-31 21:44:00,Korangi,24.825782,67.142802,21,Wednesday,mugging,HIGH,no,yes,community_report
INC-1758,2026-01-01 22:51:00,Soldier Bazaar,24.888255,67.027211,22,Thursday,mugging,MEDIUM,no,no,community_report
INC-1528,2026-01-01 23:27:00,DHA Phase 1,24.806606,67.062091,23,Thursday,mugging,LOW,no,no,community_report
INC-1620,2026-01-02 20:28:00,Guru Mandir,24.870105,67.01799,20,Friday,phone_snatching,MEDIUM,no,no,community_report
INC-0010,2026-01-02 21:50:00,Lyari,24.870457,67.014101,21,Friday,robbery,MEDIUM,no,yes,community_report
INC-1480,2026-01-03 00:18:00,Clifton,24.819294,67.034811,0,Saturday,phone_snatching,HIGH,no,no,community_report
INC-0322,2026-01-03 13:25:00,Baloch Colony,24.863543,67.072027,13,Saturday,signal_robbery,MEDIUM,yes,yes,community_report
INC-1788,2026-01-03 18:55:00,Soldier Bazaar,24.886919,67.029794,18,Saturday,robbery,MEDIUM,no,yes,community_report
INC-1267,2026-01-03 20:49:00,Nazimabad,24.922453,67.035815,20,Saturday,phone_snatching,MEDIUM,no,no,community_report
INC-0259,2026-01-03 21:10:00,Keamari,24.845317,66.98842,21,Saturday,robbery,HIGH,no,yes,community_report
INC-1709,2026-01-03 21:38:00,Nagan Chowrangi,24.939179,67.084067,21,Saturday,signal_robbery,HIGH,yes,no,community_report
INC-0229,2026-01-03 21:55:00,Keamari,24.84415,66.987551,21,Saturday,vehicle_theft,LOW,no,yes,community_report
INC-1501,2026-01-03 23:57:00,Clifton,24.819335,67.03759,23,Saturday,phone_snatching,LOW,no,no,community_report
INC-0660,2026-01-04 19:47:00,Malir,24.898856,67.227185,19,Sunday,mugging,LOW,no,no,community_report
INC-0918,2026-01-04 21:46:00,Hassan Square,24.895265,67.071439,21,Sunday,signal_robbery,LOW,no,no,community_report
INC-1020,2026-01-04 22:48:00,Gulshan-e-Iqbal,24.927747,67.136825,22,Sunday,phone_snatching,MEDIUM,no,no,community_report
INC-1038,2026-01-05 09:15:00,Gulshan-e-Iqbal,24.929209,67.137243,9,Monday,signal_robbery,MEDIUM,no,yes,community_report
INC-0842,2026-01-05 09:55:00,Teen Talwar,24.828491,67.034564,9,Monday,signal_robbery,HIGH,no,no,community_report
INC-1650,2026-01-05 20:19:00,Guru Mandir,24.867949,67.01736,20,Monday,robbery,MEDIUM,yes,no,community_report
INC-1694,2026-01-06 11:52:00,Nagan Chowrangi,24.943808,67.085898,11,Tuesday,phone_snatching,MEDIUM,no,no,community_report
INC-1867,2026-01-06 21:20:00,Model Colony,24.881526,67.150564,21,Tuesday,phone_snatching,HIGH,no,no,community_report
INC-1452,2026-01-06 21:34:00,PECHS,24.876645,67.081205,21,Tuesday,phone_snatching,MEDIUM,no,yes,community_report
INC-0194,2026-01-07 10:08:00,Keamari,24.845696,66.987288,10,Wednesday,robbery,HIGH,no,yes,community_report
INC-1264,2026-01-07 20:14:00,Nazimabad,24.920592,67.034525,20,Wednesday,phone_snatching,MEDIUM,no,no,community_report
INC-0915,2026-01-07 20:22:00,Hassan Square,24.895931,67.074264,20,Wednesday,signal_robbery,MEDIUM,no,yes,community_report
INC-0601,2026-01-07 20:47:00,SITE Industrial Area,24.930345,66.999982,20,Wednesday,vehicle_theft,LOW,no,no,community_report
INC-0882,2026-01-07 21:59:00,Hassan Square,24.895901,67.071369,21,Wednesday,signal_robbery,HIGH,no,no,community_report
INC-1815,2026-01-08 22:36:00,Soldier Bazaar,24.886426,67.027237,22,Thursday,mugging,MEDIUM,no,no,community_report
INC-1613,2026-01-08 23:46:00,Zamzama,24.825829,67.075411,23,Thursday,mugging,LOW,no,no,community_report
INC-0155,2026-01-09 19:19:00,Orangi Town,24.965573,67.022863,19,Friday,mugging,MEDIUM,no,no,community_report
INC-0782,2026-01-10 22:30:00,Teen Talwar,24.828022,67.030796,22,Saturday,signal_robbery,MEDIUM,no,no,community_report
INC-1587,2026-01-11 14:34:00,Zamzama,24.828924,67.075124,14,Sunday,phone_snatching,MEDIUM,no,no,community_report
INC-1262,2026-01-11 15:25:00,Garden West,24.877052,67.019429,15,Sunday,mugging,HIGH,no,yes,community_report
INC-0948,2026-01-11 21:40:00,North Nazimabad,24.95229,67.054478,21,Sunday,mugging,MEDIUM,no,no,community_report
INC-1897,2026-01-11 23:12:00,Model Colony,24.881565,67.146162,23,Sunday,mugging,MEDIUM,no,no,community_report
INC-1573,2026-01-12 00:30:00,DHA Phase 5,24.807822,67.08734,0,Monday,mugging,LOW,no,yes,community_report
INC-1858,2026-01-12 08:41:00,Malir Cantonment,24.876092,67.205642,8,Monday,vehicle_theft,MEDIUM,no,yes,community_report
INC-1465,2026-01-12 22:09:00,PECHS,24.877121,67.078123,22,Monday,vehicle_theft,LOW,no,no,community_report
INC-1030,2026-01-13 20:11:00,Gulshan-e-Iqbal,24.929828,67.136021,20,Tuesday,signal_robbery,HIGH,no,no,community_report
INC-1803,2026-01-13 22:51:00,Soldier Bazaar,24.887225,67.025135,22,Tuesday,phone_snatching,LOW,no,no,community_report
INC-1823,2026-01-14 08:52:00,Soldier Bazaar,24.888726,67.027626,8,Wednesday,mugging,HIGH,no,yes,community_report
INC-0449,2026-01-14 11:15:00,Landhi,24.849036,67.35795,11,Wednesday,mugging,HIGH,no,no,community_report
INC-0902,2026-01-14 19:52:00,Hassan Square,24.895379,67.074084,19,Wednesday,signal_robbery,HIGH,yes,no,community_report
INC-1503,2026-01-14 23:19:00,Clifton,24.821012,67.034472,23,Wednesday,mugging,HIGH,no,no,community_report
INC-0673,2026-01-15 20:38:00,Malir,24.89553,67.232643,20,Thursday,phone_snatching,MEDIUM,no,no,community_report
INC-1464,2026-01-15 21:27:00,PECHS,24.87497,67.080755,21,Thursday,mugging,LOW,no,no,community_report
INC-1347,2026-01-15 21:39:00,FB Area,24.953051,67.106867,21,Thursday,signal_robbery,LOW,no,yes,community_report
INC-0223,2026-01-15 22:26:00,Keamari,24.843738,66.991822,22,Thursday,robbery,HIGH,yes,no,community_report
INC-0228,2026-01-15 22:50:00,Keamari,24.844261,66.988324,22,Thursday,mugging,LOW,no,no,community_report
INC-1542,2026-01-15 23:13:00,DHA Phase 1,24.806668,67.059671,23,Thursday,vehicle_theft,MEDIUM,no,no,community_report
INC-1437,2026-01-16 22:06:00,PECHS,24.877637,67.079908,22,Friday,mugging,MEDIUM,no,no,community_report
INC-0507,2026-01-16 22:32:00,Korangi,24.824652,67.142229,22,Friday,robbery,MEDIUM,no,yes,community_report
INC-1487,2026-01-17 09:56:00,Clifton,24.822164,67.036455,9,Saturday,mugging,MEDIUM,no,yes,community_report
INC-1764,2026-01-17 21:50:00,Soldier Bazaar,24.884698,67.02611,21,Saturday,phone_snatching,MEDIUM,no,no,community_report
INC-1172,2026-01-18 00:37:00,Superhighway,24.978862,67.151422,0,Sunday,robbery,MEDIUM,yes,yes,community_report
INC-0562,2026-01-18 17:22:00,Korangi,24.823927,67.140673,17,Sunday,phone_snatching,LOW,no,yes,community_report
INC-0905,2026-01-18 19:15:00,Hassan Square,24.895458,67.070914,19,Sunday,signal_robbery,MEDIUM,no,no,community_report
INC-1637,2026-01-18 21:13:00,Guru Mandir,24.869581,67.013476,21,Sunday,robbery,HIGH,yes,yes,community_report
INC-1440,2026-01-18 22:18:00,PECHS,24.87586,67.078425,22,Sunday,phone_snatching,LOW,no,no,community_report
INC-0930,2026-01-18 23:35:00,North Nazimabad,24.947282,67.057019,23,Sunday,mugging,HIGH,no,no,community_report
INC-1536,2026-01-19 01:37:00,DHA Phase 1,24.803341,67.057004,1,Monday,vehicle_theft,LOW,no,yes,community_report
INC-1521,2026-01-19 01:49:00,DHA Phase 1,24.804374,67.057464,1,Monday,mugging,LOW,no,no,community_report
INC-0486,2026-01-20 22:26:00,Landhi,24.849388,67.362506,22,Tuesday,mugging,MEDIUM,no,no,community_report
INC-0308,2026-01-20 22:50:00,Baloch Colony,24.862022,67.076169,22,Tuesday,signal_robbery,HIGH,no,no,community_report
INC-1205,2026-01-21 21:05:00,Garden West,24.87713,67.021616,21,Wednesday,robbery,HIGH,no,yes,community_report
INC-1649,2026-01-21 21:41:00,Guru Mandir,24.866083,67.015503,21,Wednesday,mugging,MEDIUM,no,no,community_report
INC-1742,2026-01-21 22:05:00,Nagan Chowrangi,24.942342,67.082771,22,Wednesday,signal_robbery,MEDIUM,yes,no,community_report
INC-1733,2026-01-22 18:29:00,Nagan Chowrangi,24.939598,67.082338,18,Thursday,signal_robbery,LOW,no,yes,community_report
INC-1546,2026-01-23 00:04:00,DHA Phase 1,24.805669,67.060993,0,Friday,vehicle_theft,LOW,no,no,community_report
INC-0042,2026-01-23 20:32:00,Lyari,24.872371,67.011378,20,Friday,robbery,HIGH,yes,no,community_report
INC-1666,2026-01-24 19:49:00,Guru Mandir,24.868865,67.013711,19,Saturday,mugging,MEDIUM,no,yes,community_report
INC-0001,2026-01-24 21:56:00,Lyari,24.873943,67.013552,21,Saturday,robbery,MEDIUM,no,no,community_report
INC-0055,2026-01-24 23:29:00,Lyari,24.873811,67.014808,23,Saturday,robbery,LOW,yes,no,community_report
INC-0179,2026-01-25 13:56:00,Orangi Town,24.966888,67.018902,13,Sunday,robbery,LOW,yes,no,community_report
INC-1320,2026-01-26 09:21:00,FB Area,24.953792,67.106565,9,Monday,mugging,MEDIUM,no,no,community_report
INC-0495,2026-01-26 09:36:00,Landhi,24.849314,67.36024,9,Monday,vehicle_theft,LOW,no,no,community_report
INC-1074,2026-01-26 16:28:00,Sohrab Goth,24.954069,67.079061,16,Monday,robbery,HIGH,no,no,community_report
INC-0319,2026-01-26 22:04:00,Baloch Colony,24.861409,67.076601,22,Monday,signal_robbery,HIGH,no,no,community_report
INC-0214,2026-01-26 22:06:00,Keamari,24.842187,66.99164,22,Monday,robbery,MEDIUM,yes,yes,community_report
INC-1498,2026-01-27 00:58:00,Clifton,24.819812,67.036243,0,Tuesday,vehicle_theft,LOW,no,no,community_report
INC-1851,2026-01-27 13:26:00,Malir Cantonment,24.875827,67.206415,13,Tuesday,vehicle_theft,LOW,no,no,community_report
INC-1632,2026-01-27 19:44:00,Guru Mandir,24.866143,67.013578,19,Tuesday,robbery,HIGH,no,no,community_report
INC-1067,2026-01-28 17:57:00,Sohrab Goth,24.953604,67.077867,17,Wednesday,mugging,HIGH,no,no,community_report
INC-0056,2026-01-28 21:39:00,Lyari,24.869563,67.01176,21,Wednesday,robbery,HIGH,no,yes,community_report
INC-0884,2026-01-29 21:46:00,Hassan Square,24.900425,67.072654,21,Thursday,mugging,HIGH,no,no,community_report
INC-0009,2026-01-29 23:42:00,Lyari,24.870606,67.009425,23,Thursday,robbery,HIGH,no,yes,community_report
INC-0237,2026-01-30 14:04:00,Keamari,24.844685,66.99154,14,Friday,mugging,MEDIUM,no,no,community_report
INC-0624,2026-01-30 15:16:00,SITE Industrial Area,24.930079,66.998399,15,Friday,robbery,HIGH,yes,yes,community_report
INC-0994,2026-01-30 20:56:00,North Nazimabad,24.949033,67.057966,20,Friday,phone_snatching,HIGH,no,yes,community_report
INC-0708,2026-01-30 21:18:00,Malir,24.895633,67.230279,21,Friday,phone_snatching,MEDIUM,no,no,community_report
INC-0167,2026-01-30 21:43:00,Orangi Town,24.965908,67.021036,21,Friday,phone_snatching,MEDIUM,no,yes,community_report
INC-1054,2026-01-31 18:13:00,Sohrab Goth,24.958035,67.079946,18,Saturday,robbery,MEDIUM,yes,yes,community_report
INC-1444,2026-01-31 21:30:00,PECHS,24.874978,67.077967,21,Saturday,mugging,LOW,no,no,community_report
INC-0509,2026-01-31 22:39:00,Korangi,24.826762,67.14179,22,Saturday,robbery,MEDIUM,no,yes,community_report
INC-1818,2026-02-01 18:48:00,Soldier Bazaar,24.888051,67.028149,18,Sunday,mugging,LOW,no,no,community_report
INC-0593,2026-02-01 20:05:00,SITE Industrial Area,24.932723,67.002739,20,Sunday,mugging,HIGH,no,no,community_report
INC-1364,2026-02-01 23:38:00,FB Area,24.953436,67.107794,23,Sunday,signal_robbery,MEDIUM,yes,no,community_report
INC-0230,2026-02-02 00:57:00,Keamari,24.844735,66.987935,0,Monday,mugging,HIGH,no,yes,community_report
INC-0059,2026-02-02 01:35:00,Lyari,24.871198,67.012014,1,Monday,robbery,HIGH,yes,no,community_report
INC-0499,2026-02-02 01:42:00,Landhi,24.847239,67.361021,1,Monday,mugging,MEDIUM,no,no,community_report
INC-0650,2026-02-02 20:02:00,Malir,24.898296,67.2308,20,Monday,mugging,LOW,no,no,community_report
INC-1773,2026-02-02 20:43:00,Soldier Bazaar,24.886351,67.025618,20,Monday,phone_snatching,MEDIUM,no,no,community_report
INC-0988,2026-02-03 23:08:00,North Nazimabad,24.952219,67.057922,23,Tuesday,phone_snatching,MEDIUM,no,yes,community_report
INC-1829,2026-02-04 09:53:00,Malir Cantonment,24.875499,67.202344,9,Wednesday,vehicle_theft,LOW,no,yes,community_report
INC-1345,2026-02-04 10:58:00,FB Area,24.957827,67.102734,10,Wednesday,signal_robbery,MEDIUM,yes,no,community_report
INC-0589,2026-02-04 22:52:00,SITE Industrial Area,24.929082,67.000964,22,Wednesday,robbery,LOW,no,yes,community_report
INC-1168,2026-02-04 23:35:00,Superhighway,24.981462,67.147568,23,Wednesday,robbery,LOW,yes,yes,community_report
INC-0024,2026-02-05 19:14:00,Lyari,24.874133,67.012438,19,Thursday,robbery,MEDIUM,no,no,community_report
INC-1228,2026-02-05 19:19:00,Garden West,24.876323,67.019943,19,Thursday,phone_snatching,HIGH,no,no,community_report
INC-1215,2026-02-05 19:36:00,Garden West,24.877262,67.017432,19,Thursday,phone_snatching,MEDIUM,no,yes,community_report
INC-0815,2026-02-05 20:17:00,Teen Talwar,24.830092,67.03439,20,Thursday,phone_snatching,MEDIUM,no,no,community_report
INC-1024,2026-02-05 23:08:00,Gulshan-e-Iqbal,24.927559,67.134219,23,Thursday,mugging,HIGH,no,no,community_report
INC-1165,2026-02-06 01:21:00,Superhighway,24.978211,67.152208,1,Friday,vehicle_theft,MEDIUM,no,yes,community_report
INC-1567,2026-02-06 18:17:00,DHA Phase 5,24.811036,67.088165,18,Friday,mugging,LOW,no,no,community_report
INC-0877,2026-02-06 19:01:00,Hassan Square,24.900448,67.070549,19,Friday,signal_robbery,HIGH,yes,yes,community_report
INC-1004,2026-02-06 20:12:00,Gulshan-e-Iqbal,24.93235,67.137431,20,Friday,signal_robbery,LOW,yes,no,community_report
INC-1700,2026-02-06 20:43:00,Nagan Chowrangi,24.941817,67.082818,20,Friday,signal_robbery,LOW,no,no,community_report
INC-1697,2026-02-06 20:47:00,Nagan Chowrangi,24.942404,67.082199,20,Friday,signal_robbery,HIGH,no,yes,community_report
INC-0891,2026-02-06 21:16:00,Hassan Square,24.898976,67.075098,21,Friday,signal_robbery,MEDIUM,no,yes,community_report
INC-1143,2026-02-07 18:44:00,Superhighway,24.981749,67.148821,18,Saturday,robbery,MEDIUM,yes,yes,community_report
INC-0986,2026-02-07 22:25:00,North Nazimabad,24.952493,67.057437,22,Saturday,phone_snatching,HIGH,no,no,community_report
INC-0171,2026-02-08 21:33:00,Orangi Town,24.965039,67.018207,21,Sunday,robbery,MEDIUM,no,no,community_report
INC-0541,2026-02-09 21:33:00,Korangi,24.825067,67.137333,21,Monday,mugging,HIGH,no,no,community_report
INC-0917,2026-02-09 22:54:00,Hassan Square,24.899409,67.073145,22,Monday,phone_snatching,HIGH,no,no,community_report
INC-1486,2026-02-10 00:08:00,Clifton,24.823716,67.032195,0,Tuesday,phone_snatching,MEDIUM,no,no,community_report
INC-1173,2026-02-10 01:59:00,Superhighway,24.977701,67.150382,1,Tuesday,robbery,LOW,yes,no,community_report
INC-0987,2026-02-10 08:41:00,North Nazimabad,24.950266,67.052166,8,Tuesday,mugging,MEDIUM,no,no,community_report
INC-1675,2026-02-10 12:10:00,Guru Mandir,24.86775,67.018921,12,Tuesday,mugging,MEDIUM,no,no,community_report
INC-0158,2026-02-10 18:29:00,Orangi Town,24.964689,67.020373,18,Tuesday,phone_snatching,MEDIUM,no,yes,community_report
INC-0998,2026-02-10 21:11:00,Gulshan-e-Iqbal,24.932257,67.132567,21,Tuesday,phone_snatching,MEDIUM,no,no,community_report
INC-0688,2026-02-11 21:39:00,Malir,24.895998,67.229918,21,Wednesday,phone_snatching,HIGH,no,no,community_report
INC-1606,2026-02-11 23:05:00,Zamzama,24.829076,67.075917,23,Wednesday,phone_snatching,LOW,no,no,community_report
INC-1189,2026-02-12 01:30:00,Superhighway,24.978802,67.148072,1,Thursday,robbery,LOW,yes,no,community_report
INC-0542,2026-02-12 22:24:00,Korangi,24.82464,67.141068,22,Thursday,mugging,MEDIUM,no,no,community_report
INC-0890,2026-02-12 22:26:00,Hassan Square,24.899989,67.070742,22,Thursday,signal_robbery,MEDIUM,yes,no,community_report
INC-1214,2026-02-12 23:43:00,Garden West,24.875514,67.021722,23,Thursday,mugging,MEDIUM,no,no,community_report
INC-0191,2026-02-13 18:25:00,Orangi Town,24.962401,67.018611,18,Friday,phone_snatching,MEDIUM,no,no,community_report
INC-1043,2026-02-13 20:13:00,Gulshan-e-Iqbal,24.929547,67.136596,20,Friday,phone_snatching,MEDIUM,no,yes,community_report
INC-1749,2026-02-13 21:45:00,Nagan Chowrangi,24.943509,67.083562,21,Friday,signal_robbery,MEDIUM,no,yes,community_report
INC-0186,2026-02-13 22:20:00,Orangi Town,24.965344,67.021873,22,Friday,phone_snatching,HIGH,no,yes,community_report
INC-1105,2026-02-14 21:47:00,Sohrab Goth,24.954467,67.080089,21,Saturday,vehicle_theft,HIGH,no,no,community_report
INC-0018,2026-02-15 20:52:00,Lyari,24.869805,67.014297,20,Sunday,robbery,MEDIUM,yes,no,community_report
INC-0669,2026-02-16 21:29:00,Malir,24.898854,67.228749,21,Monday,mugging,LOW,no,no,community_report
INC-1518,2026-02-17 01:16:00,DHA Phase 1,24.807551,67.059794,1,Tuesday,vehicle_theft,MEDIUM,no,no,community_report
INC-1319,2026-02-17 21:00:00,FB Area,24.952963,67.103282,21,Tuesday,signal_robbery,LOW,no,no,community_report
INC-1504,2026-02-17 22:43:00,Clifton,24.819459,67.033471,22,Tuesday,phone_snatching,MEDIUM,no,no,community_report
INC-0459,2026-02-18 01:47:00,Landhi,24.848714,67.359259,1,Wednesday,vehicle_theft,HIGH,no,no,community_report
INC-0019,2026-02-18 23:59:00,Lyari,24.875066,67.01268,23,Wednesday,robbery,MEDIUM,yes,no,community_report
INC-1475,2026-02-19 11:50:00,Clifton,24.819904,67.033983,11,Thursday,phone_snatching,LOW,no,no,community_report
INC-0662,2026-02-19 12:24:00,Malir,24.89686,67.231152,12,Thursday,mugging,HIGH,no,yes,community_report
INC-0097,2026-02-19 22:52:00,Lyari,24.875051,67.011324,22,Thursday,robbery,MEDIUM,no,yes,community_report
INC-1382,2026-02-19 22:55:00,Gulistan-e-Jauhar,24.908828,67.218901,22,Thursday,ride_hailing_incident,HIGH,no,yes,community_report
INC-1512,2026-02-20 09:32:00,Clifton,24.819843,67.03651,9,Friday,phone_snatching,LOW,no,no,community_report
INC-0250,2026-02-20 09:53:00,Keamari,24.847375,66.987556,9,Friday,mugging,HIGH,no,no,community_report
INC-0020,2026-02-20 20:03:00,Lyari,24.87476,67.013862,20,Friday,phone_snatching,HIGH,no,yes,community_report
INC-1175,2026-02-20 22:11:00,Superhighway,24.97873,67.147877,22,Friday,vehicle_theft,MEDIUM,no,yes,community_report
INC-1760,2026-02-20 22:27:00,Soldier Bazaar,24.886614,67.026942,22,Friday,phone_snatching,HIGH,no,yes,community_report
INC-0325,2026-02-21 20:46:00,Baloch Colony,24.86178,67.077184,20,Saturday,signal_robbery,HIGH,yes,no,community_report
INC-0057,2026-02-21 21:14:00,Lyari,24.875092,67.01467,21,Saturday,mugging,HIGH,no,no,community_report
INC-1405,2026-02-21 22:24:00,Gulistan-e-Jauhar,24.909027,67.222159,22,Saturday,mugging,HIGH,no,no,community_report
INC-0530,2026-02-22 21:18:00,Korangi,24.82336,67.142009,21,Sunday,robbery,HIGH,yes,no,community_report
INC-1353,2026-02-22 22:57:00,FB Area,24.955794,67.107811,22,Sunday,signal_robbery,HIGH,yes,yes,community_report
INC-1135,2026-02-22 23:22:00,Superhighway,24.977007,67.149066,23,Sunday,robbery,MEDIUM,no,no,community_report
INC-1039,2026-02-22 23:35:00,Gulshan-e-Iqbal,24.929286,67.137698,23,Sunday,phone_snatching,LOW,no,yes,community_report
INC-1006,2026-02-23 21:18:00,Gulshan-e-Iqbal,24.929508,67.135969,21,Monday,signal_robbery,LOW,no,no,community_report
INC-0691,2026-02-24 19:50:00,Malir,24.893508,67.230864,19,Tuesday,phone_snatching,HIGH,no,yes,community_report
INC-1116,2026-02-24 21:14:00,Sohrab Goth,24.955042,67.076303,21,Tuesday,robbery,MEDIUM,yes,no,community_report
INC-0641,2026-02-24 21:17:00,Malir,24.897441,67.227681,21,Tuesday,mugging,MEDIUM,no,no,community_report
INC-1400,2026-02-24 21:17:00,Gulistan-e-Jauhar,24.910538,67.220288,21,Tuesday,phone_snatching,MEDIUM,no,no,community_report
INC-0249,2026-02-24 22:55:00,Keamari,24.84284,66.988684,22,Tuesday,mugging,HIGH,no,no,community_report
INC-1728,2026-02-25 21:53:00,Nagan Chowrangi,24.940558,67.084958,21,Wednesday,signal_robbery,HIGH,yes,no,community_report
INC-0301,2026-02-25 22:38:00,Baloch Colony,24.866691,67.076432,22,Wednesday,signal_robbery,HIGH,yes,yes,community_report
INC-1631,2026-02-26 10:15:00,Guru Mandir,24.870258,67.016734,10,Thursday,robbery,MEDIUM,no,yes,community_report
INC-0676,2026-02-26 14:39:00,Malir,24.894199,67.232333,14,Thursday,phone_snatching,MEDIUM,no,yes,community_report
INC-0713,2026-02-26 17:32:00,Saddar,24.861209,67.026332,17,Thursday,phone_snatching,MEDIUM,no,yes,community_report
INC-0269,2026-02-26 22:45:00,Keamari,24.846166,66.990517,22,Thursday,robbery,HIGH,no,yes,community_report
INC-0683,2026-02-27 20:09:00,Malir,24.897074,67.230919,20,Friday,mugging,HIGH,no,yes,community_report
INC-1015,2026-02-27 22:13:00,Gulshan-e-Iqbal,24.932267,67.132676,22,Friday,signal_robbery,LOW,no,no,community_report
INC-0274,2026-02-28 13:24:00,Baloch Colony,24.864635,67.072543,13,Saturday,signal_robbery,HIGH,yes,yes,community_report
INC-1221,2026-02-28 17:33:00,Garden West,24.880395,67.018315,17,Saturday,robbery,MEDIUM,yes,yes,community_report
INC-1886,2026-02-28 21:33:00,Model Colony,24.879188,67.15059,21,Saturday,phone_snatching,LOW,no,no,community_report
INC-1524,2026-03-01 00:27:00,DHA Phase 1,24.804405,67.058057,0,Sunday,vehicle_theft,MEDIUM,no,no,community_report
INC-1208,2026-03-01 15:33:00,Garden West,24.876991,67.021795,15,Sunday,phone_snatching,MEDIUM,no,no,community_report
INC-0774,2026-03-01 19:16:00,Saddar,24.861755,67.027751,19,Sunday,pickpocketing,MEDIUM,no,no,community_report
INC-1344,2026-03-01 21:47:00,FB Area,24.955453,67.105955,21,Sunday,signal_robbery,HIGH,no,yes,community_report
INC-1385,2026-03-01 22:03:00,Gulistan-e-Jauhar,24.910413,67.219075,22,Sunday,phone_snatching,MEDIUM,no,yes,community_report
INC-0463,2026-03-02 00:15:00,Landhi,24.84728,67.359775,0,Monday,mugging,MEDIUM,no,no,community_report
INC-0983,2026-03-02 12:03:00,North Nazimabad,24.948745,67.053758,12,Monday,mugging,MEDIUM,no,no,community_report
INC-0772,2026-03-02 19:15:00,Saddar,24.861165,67.030698,19,Monday,phone_snatching,LOW,no,no,community_report
INC-1721,2026-03-02 20:58:00,Nagan Chowrangi,24.944165,67.08564,20,Monday,signal_robbery,MEDIUM,yes,no,community_report
INC-0849,2026-03-02 21:13:00,Teen Talwar,24.826914,67.03184,21,Monday,mugging,HIGH,no,no,community_report
INC-0352,2026-03-02 21:44:00,Liaquatabad,24.905078,67.034041,21,Monday,robbery,MEDIUM,yes,no,community_report
INC-0065,2026-03-03 01:48:00,Lyari,24.871624,67.011442,1,Tuesday,robbery,LOW,yes,yes,community_report
INC-0886,2026-03-03 19:44:00,Hassan Square,24.897863,67.070031,19,Tuesday,signal_robbery,LOW,no,no,community_report
INC-1276,2026-03-03 19:50:00,Nazimabad,24.917173,67.033179,19,Tuesday,mugging,MEDIUM,no,no,community_report
INC-0923,2026-03-03 20:19:00,Hassan Square,24.897322,67.074688,20,Tuesday,phone_snatching,MEDIUM,no,no,community_report
INC-1251,2026-03-03 20:30:00,Garden West,24.877888,67.022361,20,Tuesday,mugging,HIGH,no,no,community_report
INC-0323,2026-03-03 22:15:00,Baloch Colony,24.863036,67.072135,22,Tuesday,signal_robbery,MEDIUM,no,no,community_report
INC-1598,2026-03-03 23:15:00,Zamzama,24.828107,67.074026,23,Tuesday,mugging,LOW,no,no,community_report
INC-0121,2026-03-04 19:56:00,Orangi Town,24.963241,67.017264,19,Wednesday,phone_snatching,HIGH,no,yes,community_report
INC-1001,2026-03-04 20:14:00,Gulshan-e-Iqbal,24.931793,67.134204,20,Wednesday,signal_robbery,MEDIUM,yes,no,community_report
INC-1642,2026-03-04 21:37:00,Guru Mandir,24.865753,67.01725,21,Wednesday,mugging,LOW,no,yes,community_report
INC-0015,2026-03-05 00:55:00,Lyari,24.874582,67.012566,0,Thursday,robbery,HIGH,yes,yes,community_report
INC-0457,2026-03-05 22:44:00,Landhi,24.850544,67.357562,22,Thursday,mugging,HIGH,no,yes,community_report
INC-0840,2026-03-06 14:13:00,Teen Talwar,24.831478,67.034444,14,Friday,mugging,HIGH,no,no,community_report
INC-1904,2026-03-06 20:55:00,Model Colony,24.879025,67.148041,20,Friday,mugging,MEDIUM,no,no,community_report
INC-0726,2026-03-07 18:19:00,Saddar,24.863235,67.02523,18,Saturday,phone_snatching,HIGH,no,yes,community_report
INC-1716,2026-03-07 21:01:00,Nagan Chowrangi,24.942298,67.082214,21,Saturday,signal_robbery,HIGH,no,no,community_report
INC-0976,2026-03-07 21:31:00,North Nazimabad,24.948987,67.054828,21,Saturday,phone_snatching,MEDIUM,no,yes,community_report
INC-0289,2026-03-08 08:56:00,Baloch Colony,24.861285,67.076062,8,Sunday,signal_robbery,HIGH,yes,no,community_report
INC-1810,2026-03-08 15:17:00,Soldier Bazaar,24.887445,67.026979,15,Sunday,mugging,MEDIUM,no,no,community_report
INC-1359,2026-03-08 23:16:00,FB Area,24.954678,67.103952,23,Sunday,phone_snatching,MEDIUM,no,no,community_report
INC-1127,2026-03-09 01:30:00,Superhighway,24.98026,67.152958,1,Monday,robbery,MEDIUM,yes,no,community_report
INC-1884,2026-03-09 09:59:00,Model Colony,24.879088,67.149799,9,Monday,mugging,LOW,no,yes,community_report
INC-1432,2026-03-09 21:49:00,Gulistan-e-Jauhar,24.912598,67.221451,21,Monday,ride_hailing_incident,MEDIUM,no,yes,community_report
INC-0491,2026-03-09 22:49:00,Landhi,24.848634,67.361063,22,Monday,robbery,MEDIUM,yes,no,community_report
INC-1081,2026-03-10 13:33:00,Sohrab Goth,24.958832,67.076491,13,Tuesday,mugging,HIGH,no,no,community_report
INC-0825,2026-03-10 20:03:00,Teen Talwar,24.829042,67.035386,20,Tuesday,phone_snatching,MEDIUM,no,no,community_report
INC-0834,2026-03-10 20:14:00,Teen Talwar,24.83092,67.033588,20,Tuesday,phone_snatching,HIGH,no,yes,community_report
INC-0163,2026-03-10 22:07:00,Orangi Town,24.962838,67.020787,22,Tuesday,phone_snatching,HIGH,no,no,community_report
INC-1627,2026-03-11 19:03:00,Guru Mandir,24.867167,67.015983,19,Wednesday,robbery,MEDIUM,no,yes,community_report
INC-0385,2026-03-11 19:32:00,Liaquatabad,24.906708,67.037821,19,Wednesday,phone_snatching,HIGH,no,no,community_report
INC-1820,2026-03-11 20:01:00,Soldier Bazaar,24.888107,67.030618,20,Wednesday,robbery,MEDIUM,no,yes,community_report
INC-0583,2026-03-11 20:35:00,SITE Industrial Area,24.928605,66.998333,20,Wednesday,robbery,HIGH,yes,no,community_report
INC-0476,2026-03-11 22:19:00,Landhi,24.847768,67.357808,22,Wednesday,mugging,HIGH,no,no,community_report
INC-0563,2026-03-11 22:51:00,Korangi,24.823663,67.140346,22,Wednesday,mugging,HIGH,no,no,community_report
INC-1645,2026-03-12 16:27:00,Guru Mandir,24.869185,67.015747,16,Thursday,phone_snatching,LOW,no,no,community_report
INC-0513,2026-03-12 21:25:00,Korangi,24.822743,67.140652,21,Thursday,mugging,MEDIUM,no,no,community_report
INC-1580,2026-03-12 22:36:00,Zamzama,24.82649,67.07454,22,Thursday,phone_snatching,MEDIUM,no,no,community_report
INC-1108,2026-03-12 23:55:00,Sohrab Goth,24.958655,67.078124,23,Thursday,mugging,HIGH,no,no,community_report
INC-0727,2026-03-13 19:07:00,Saddar,24.861883,67.027463,19,Friday,phone_snatching,MEDIUM,no,yes,community_report
INC-0887,2026-03-13 21:03:00,Hassan Square,24.898914,67.070542,21,Friday,signal_robbery,MEDIUM,yes,no,community_report
INC-1003,2026-03-13 21:19:00,Gulshan-e-Iqbal,24.931551,67.137995,21,Friday,phone_snatching,LOW,no,no,community_report
INC-0633,2026-03-13 21:23:00,SITE Industrial Area,24.92972,67.002628,21,Friday,robbery,MEDIUM,yes,yes,community_report
INC-1059,2026-03-13 21:51:00,Sohrab Goth,24.955699,67.077064,21,Friday,robbery,HIGH,yes,yes,community_report
INC-1000,2026-03-13 22:29:00,Gulshan-e-Iqbal,24.932792,67.134921,22,Friday,phone_snatching,MEDIUM,no,yes,community_report
INC-1106,2026-03-13 23:59:00,Sohrab Goth,24.957017,67.080838,23,Friday,robbery,MEDIUM,no,yes,community_report
INC-0539,2026-03-14 22:21:00,Korangi,24.822259,67.140369,22,Saturday,phone_snatching,HIGH,no,no,community_report
INC-1399,2026-03-14 23:21:00,Gulistan-e-Jauhar,24.912204,67.22003,23,Saturday,phone_snatching,LOW,no,no,community_report
INC-1076,2026-03-15 17:47:00,Sohrab Goth,24.956221,67.079713,17,Sunday,mugging,MEDIUM,no,yes,community_report
INC-0505,2026-03-15 22:10:00,Korangi,24.823406,67.138318,22,Sunday,mugging,HIGH,no,yes,community_report
INC-1816,2026-03-16 18:11:00,Soldier Bazaar,24.889864,67.025792,18,Monday,robbery,HIGH,no,yes,community_report
INC-1791,2026-03-16 18:54:00,Soldier Bazaar,24.884506,67.025435,18,Monday,mugging,LOW,no,yes,community_report
INC-0156,2026-03-16 20:02:00,Orangi Town,24.965904,67.02161,20,Monday,phone_snatching,HIGH,no,no,community_report
INC-0124,2026-03-16 21:07:00,Orangi Town,24.963104,67.020324,21,Monday,phone_snatching,MEDIUM,no,no,community_report
INC-0995,2026-03-16 21:46:00,Gulshan-e-Iqbal,24.928612,67.134948,21,Monday,signal_robbery,MEDIUM,yes,yes,community_report
INC-1494,2026-03-16 23:56:00,Clifton,24.824915,67.033523,23,Monday,phone_snatching,LOW,no,no,community_report
INC-0245,2026-03-17 00:10:00,Keamari,24.84244,66.988716,0,Tuesday,mugging,LOW,no,no,community_report
INC-1840,2026-03-17 00:30:00,Malir Cantonment,24.878086,67.204948,0,Tuesday,mugging,HIGH,no,no,community_report
INC-0153,2026-03-17 19:42:00,Orangi Town,24.963513,67.01786,19,Tuesday,phone_snatching,MEDIUM,no,no,community_report
INC-1809,2026-03-17 21:48:00,Soldier Bazaar,24.888181,67.02822,21,Tuesday,robbery,HIGH,no,yes,community_report
INC-0360,2026-03-17 22:40:00,Liaquatabad,24.904374,67.032155,22,Tuesday,phone_snatching,MEDIUM,no,yes,community_report
INC-0014,2026-03-18 01:12:00,Lyari,24.870517,67.010882,1,Wednesday,mugging,MEDIUM,no,no,community_report
INC-0090,2026-03-18 22:15:00,Lyari,24.874735,67.013084,22,Wednesday,robbery,HIGH,no,no,community_report
INC-1560,2026-03-18 23:38:00,DHA Phase 5,24.80865,67.09299,23,Wednesday,vehicle_theft,HIGH,no,yes,community_report
INC-0474,2026-03-19 01:26:00,Landhi,24.852931,67.357399,1,Thursday,vehicle_theft,MEDIUM,no,yes,community_report
INC-0880,2026-03-19 19:42:00,Hassan Square,24.900212,67.073568,19,Thursday,signal_robbery,MEDIUM,yes,no,community_report
INC-0139,2026-03-20 19:04:00,Orangi Town,24.962258,67.018641,19,Friday,phone_snatching,HIGH,no,yes,community_report
INC-1050,2026-03-20 21:35:00,Gulshan-e-Iqbal,24.930238,67.134833,21,Friday,signal_robbery,MEDIUM,yes,no,community_report
INC-0919,2026-03-21 20:01:00,Hassan Square,24.897567,67.072492,20,Saturday,phone_snatching,MEDIUM,no,no,community_report
INC-0862,2026-03-22 20:27:00,Hassan Square,24.899134,67.073889,20,Sunday,signal_robbery,HIGH,yes,yes,community_report
INC-1883,2026-03-22 20:43:00,Model Colony,24.884238,67.148843,20,Sunday,mugging,LOW,no,yes,community_report
INC-1610,2026-03-22 22:06:00,Zamzama,24.826071,67.074721,22,Sunday,mugging,MEDIUM,no,no,community_report
INC-0980,2026-03-22 22:17:00,North Nazimabad,24.948949,67.053074,22,Sunday,mugging,LOW,no,no,community_report
INC-0007,2026-03-22 22:45:00,Lyari,24.874567,67.013104,22,Sunday,mugging,HIGH,no,no,community_report
INC-0950,2026-03-22 23:55:00,North Nazimabad,24.952775,67.055582,23,Sunday,phone_snatching,MEDIUM,no,no,community_report
INC-1678,2026-03-23 21:00:00,Guru Mandir,24.870755,67.017103,21,Monday,phone_snatching,MEDIUM,no,yes,community_report
INC-1729,2026-03-23 21:33:00,Nagan Chowrangi,24.941527,67.086048,21,Monday,phone_snatching,MEDIUM,no,no,community_report
INC-0634,2026-03-23 22:11:00,SITE Industrial Area,24.928496,66.998553,22,Monday,vehicle_theft,LOW,no,no,community_report
INC-0578,2026-03-23 22:36:00,SITE Industrial Area,24.928593,67.002377,22,Monday,vehicle_theft,MEDIUM,no,no,community_report
INC-1021,2026-03-23 23:04:00,Gulshan-e-Iqbal,24.932642,67.132984,23,Monday,mugging,MEDIUM,no,no,community_report
INC-0823,2026-03-24 10:27:00,Teen Talwar,24.830369,67.035344,10,Tuesday,phone_snatching,MEDIUM,no,no,community_report
INC-0969,2026-03-24 21:07:00,North Nazimabad,24.947464,67.05435,21,Tuesday,phone_snatching,LOW,no,no,community_report
INC-0571,2026-03-24 22:05:00,Korangi,24.822966,67.138784,22,Tuesday,robbery,HIGH,no,no,community_report
INC-1792,2026-03-24 23:41:00,Soldier Bazaar,24.884839,67.026233,23,Tuesday,phone_snatching,LOW,no,no,community_report
INC-0769,2026-03-25 14:38:00,Saddar,24.863939,67.025185,14,Wednesday,mugging,MEDIUM,no,no,community_report
INC-1162,2026-03-25 23:41:00,Superhighway,24.978005,67.149538,23,Wednesday,vehicle_theft,LOW,no,no,community_report
INC-0444,2026-03-26 16:52:00,Landhi,24.850147,67.360489,16,Thursday,vehicle_theft,MEDIUM,no,yes,community_report
INC-0896,2026-03-26 18:53:00,Hassan Square,24.897245,67.073886,18,Thursday,phone_snatching,MEDIUM,no,no,community_report
INC-1499,2026-03-26 23:35:00,Clifton,24.82107,67.034785,23,Thursday,phone_snatching,MEDIUM,no,yes,community_report
INC-1445,2026-03-27 21:00:00,PECHS,24.874923,67.080592,21,Friday,vehicle_theft,LOW,no,no,community_report
INC-1806,2026-03-27 21:19:00,Soldier Bazaar,24.88968,67.027572,21,Friday,mugging,MEDIUM,no,no,community_report
INC-1506,2026-03-28 17:30:00,Clifton,24.824147,67.034903,17,Saturday,phone_snatching,LOW,no,yes,community_report
INC-0266,2026-03-28 20:49:00,Keamari,24.846709,66.9895,20,Saturday,mugging,MEDIUM,no,no,community_report
INC-0225,2026-03-28 21:55:00,Keamari,24.844026,66.991187,21,Saturday,robbery,MEDIUM,yes,no,community_report
INC-1826,2026-03-28 22:00:00,Malir Cantonment,24.873654,67.206561,22,Saturday,mugging,MEDIUM,no,no,community_report
INC-0240,2026-03-28 22:48:00,Keamari,24.842315,66.989322,22,Saturday,robbery,LOW,yes,no,community_report
INC-0395,2026-03-29 20:13:00,Liaquatabad,24.905648,67.037762,20,Sunday,phone_snatching,MEDIUM,no,yes,community_report
INC-1784,2026-03-29 20:16:00,Soldier Bazaar,24.889711,67.027049,20,Sunday,phone_snatching,HIGH,no,yes,community_report
INC-0456,2026-03-30 01:25:00,Landhi,24.851338,67.358724,1,Monday,vehicle_theft,HIGH,no,no,community_report
INC-0172,2026-03-30 19:38:00,Orangi Town,24.962982,67.021247,19,Monday,phone_snatching,MEDIUM,no,no,community_report
INC-0798,2026-03-30 22:05:00,Teen Talwar,24.829456,67.029998,22,Monday,phone_snatching,HIGH,no,yes,community_report
INC-0252,2026-03-31 00:42:00,Keamari,24.846356,66.990007,0,Tuesday,robbery,HIGH,yes,no,community_report
INC-0962,2026-03-31 11:27:00,North Nazimabad,24.951586,67.05526,11,Tuesday,signal_robbery,HIGH,yes,yes,community_report
INC-0227,2026-03-31 23:24:00,Keamari,24.847141,66.988362,23,Tuesday,vehicle_theft,HIGH,no,no,community_report
INC-1510,2026-04-01 00:56:00,Clifton,24.819062,67.037257,0,Wednesday,phone_snatching,LOW,no,no,community_report
INC-0501,2026-04-01 16:40:00,Korangi,24.826559,67.139646,16,Wednesday,phone_snatching,MEDIUM,no,no,community_report
INC-0697,2026-04-01 21:24:00,Malir,24.894193,67.229607,21,Wednesday,mugging,MEDIUM,no,yes,community_report
INC-0984,2026-04-01 21:37:00,North Nazimabad,24.950811,67.054024,21,Wednesday,signal_robbery,MEDIUM,yes,no,community_report
INC-1446,2026-04-01 23:20:00,PECHS,24.874997,67.078111,23,Wednesday,phone_snatching,MEDIUM,no,no,community_report
INC-0044,2026-04-01 23:38:00,Lyari,24.87456,67.013678,23,Wednesday,phone_snatching,LOW,no,no,community_report
INC-0257,2026-04-01 23:55:00,Keamari,24.847419,66.9929,23,Wednesday,robbery,HIGH,yes,no,community_report
INC-1458,2026-04-02 08:41:00,PECHS,24.875778,67.082852,8,Thursday,vehicle_theft,LOW,no,no,community_report
INC-0674,2026-04-02 19:40:00,Malir,24.893279,67.230715,19,Thursday,mugging,MEDIUM,no,no,community_report
INC-0900,2026-04-02 20:13:00,Hassan Square,24.89666,67.074108,20,Thursday,phone_snatching,MEDIUM,no,no,community_report
INC-0180,2026-04-02 22:33:00,Orangi Town,24.963085,67.017207,22,Thursday,mugging,HIGH,no,yes,community_report
INC-1582,2026-04-02 23:45:00,Zamzama,24.826598,67.077699,23,Thursday,phone_snatching,MEDIUM,no,yes,community_report
INC-1882,2026-04-03 20:36:00,Model Colony,24.884383,67.149417,20,Friday,mugging,LOW,no,no,community_report
INC-0659,2026-04-03 20:48:00,Malir,24.893706,67.230019,20,Friday,mugging,MEDIUM,no,no,community_report
INC-1002,2026-04-03 22:23:00,Gulshan-e-Iqbal,24.932158,67.135901,22,Friday,phone_snatching,LOW,no,no,community_report
INC-1468,2026-04-04 10:36:00,PECHS,24.873628,67.07872,10,Saturday,phone_snatching,MEDIUM,no,no,community_report
INC-0810,2026-04-04 19:10:00,Teen Talwar,24.829638,67.035128,19,Saturday,phone_snatching,HIGH,no,no,community_report
INC-0585,2026-04-04 20:40:00,SITE Industrial Area,24.928183,67.001078,20,Saturday,robbery,MEDIUM,yes,yes,community_report
INC-0440,2026-04-04 22:59:00,Landhi,24.851399,67.362587,22,Saturday,vehicle_theft,HIGH,no,no,community_report
INC-0285,2026-04-04 23:13:00,Baloch Colony,24.865013,67.073523,23,Saturday,phone_snatching,HIGH,no,no,community_report
INC-0145,2026-04-05 19:40:00,Orangi Town,24.964475,67.01776,19,Sunday,phone_snatching,HIGH,no,no,community_report
INC-1615,2026-04-05 22:31:00,Zamzama,24.827664,67.072751,22,Sunday,phone_snatching,LOW,no,yes,community_report
INC-0087,2026-04-06 00:23:00,Lyari,24.874116,67.009066,0,Monday,robbery,HIGH,no,no,community_report
INC-0078,2026-04-06 20:57:00,Lyari,24.872257,67.011784,20,Monday,robbery,HIGH,yes,no,community_report
INC-0412,2026-04-06 21:31:00,Liaquatabad,24.904942,67.036924,21,Monday,phone_snatching,MEDIUM,no,no,community_report
INC-1568,2026-04-06 23:41:00,DHA Phase 5,24.812091,67.092059,23,Monday,vehicle_theft,HIGH,no,yes,community_report
INC-0470,2026-04-06 23:44:00,Landhi,24.849896,67.36006,23,Monday,vehicle_theft,HIGH,no,no,community_report
INC-1219,2026-04-07 20:32:00,Garden West,24.88039,67.017121,20,Tuesday,phone_snatching,MEDIUM,no,no,community_report
INC-1393,2026-04-07 22:31:00,Gulistan-e-Jauhar,24.907968,67.220652,22,Tuesday,ride_hailing_incident,MEDIUM,no,no,community_report
INC-1734,2026-04-07 22:49:00,Nagan Chowrangi,24.943817,67.087466,22,Tuesday,signal_robbery,MEDIUM,yes,yes,community_report
INC-1366,2026-04-07 22:52:00,FB Area,24.953765,67.107447,22,Tuesday,phone_snatching,MEDIUM,no,no,community_report
INC-0868,2026-04-07 23:13:00,Hassan Square,24.900715,67.073788,23,Tuesday,phone_snatching,HIGH,no,yes,community_report
INC-1061,2026-04-07 23:35:00,Sohrab Goth,24.953353,67.077073,23,Tuesday,robbery,HIGH,yes,yes,community_report
INC-1808,2026-04-08 19:41:00,Soldier Bazaar,24.887625,67.026531,19,Wednesday,mugging,MEDIUM,no,no,community_report
INC-0137,2026-04-08 20:05:00,Orangi Town,24.962153,67.020493,20,Wednesday,phone_snatching,HIGH,no,no,community_report
INC-0616,2026-04-08 22:39:00,SITE Industrial Area,24.927103,67.001263,22,Wednesday,mugging,MEDIUM,no,no,community_report
INC-1847,2026-04-08 23:27:00,Malir Cantonment,24.877179,67.206576,23,Wednesday,mugging,LOW,no,no,community_report
INC-1555,2026-04-08 23:33:00,DHA Phase 5,24.812797,67.090864,23,Wednesday,mugging,HIGH,no,no,community_report
INC-1178,2026-04-09 01:29:00,Superhighway,24.981232,67.147505,1,Thursday,vehicle_theft,MEDIUM,no,no,community_report
INC-0422,2026-04-09 20:15:00,Liaquatabad,24.907561,67.03588,20,Thursday,phone_snatching,HIGH,no,no,community_report
INC-1346,2026-04-09 23:17:00,FB Area,24.956599,67.103585,23,Thursday,phone_snatching,LOW,no,yes,community_report
INC-0400,2026-04-11 20:01:00,Liaquatabad,24.905026,67.037716,20,Saturday,mugging,MEDIUM,no,no,community_report
INC-0608,2026-04-11 22:15:00,SITE Industrial Area,24.927241,66.998714,22,Saturday,vehicle_theft,HIGH,no,no,community_report
INC-0611,2026-04-11 22:47:00,SITE Industrial Area,24.930332,67.002874,22,Saturday,robbery,HIGH,no,no,community_report
INC-1088,2026-04-12 00:33:00,Sohrab Goth,24.954062,67.080662,0,Sunday,robbery,HIGH,no,no,community_report
INC-1034,2026-04-12 20:43:00,Gulshan-e-Iqbal,24.928237,67.136207,20,Sunday,phone_snatching,MEDIUM,no,no,community_report
INC-1422,2026-04-12 21:09:00,Gulistan-e-Jauhar,24.911226,67.222314,21,Sunday,ride_hailing_incident,LOW,no,no,community_report
INC-0487,2026-04-13 08:30:00,Landhi,24.851672,67.359755,8,Monday,vehicle_theft,HIGH,no,no,community_report
INC-1019,2026-04-13 10:50:00,Gulshan-e-Iqbal,24.927772,67.135341,10,Monday,mugging,HIGH,no,no,community_report
INC-1115,2026-04-13 21:46:00,Sohrab Goth,24.9534,67.075072,21,Monday,robbery,MEDIUM,no,yes,community_report
INC-0318,2026-04-14 23:43:00,Baloch Colony,24.866921,67.076678,23,Tuesday,mugging,HIGH,no,no,community_report
INC-0149,2026-04-15 11:16:00,Orangi Town,24.9644,67.020188,11,Wednesday,phone_snatching,HIGH,no,no,community_report
INC-0775,2026-04-15 17:36:00,Saddar,24.863614,67.029214,17,Wednesday,phone_snatching,LOW,no,no,community_report
INC-0428,2026-04-15 18:46:00,Liaquatabad,24.903831,67.034412,18,Wednesday,phone_snatching,MEDIUM,no,no,community_report
INC-0296,2026-04-15 19:01:00,Baloch Colony,24.866967,67.073504,19,Wednesday,phone_snatching,MEDIUM,no,yes,community_report
INC-1170,2026-04-16 08:31:00,Superhighway,24.9804,67.147175,8,Thursday,vehicle_theft,MEDIUM,no,yes,community_report
INC-1204,2026-04-16 14:08:00,Garden West,24.878107,67.020062,14,Thursday,phone_snatching,MEDIUM,no,no,community_report
INC-1554,2026-04-17 00:38:00,DHA Phase 5,24.808391,67.091052,0,Friday,vehicle_theft,LOW,no,no,community_report
INC-1300,2026-04-17 19:50:00,Nazimabad,24.917241,67.032403,19,Friday,robbery,LOW,yes,no,community_report
INC-1449,2026-04-18 18:12:00,PECHS,24.876174,67.081548,18,Saturday,phone_snatching,LOW,no,yes,community_report
INC-0270,2026-04-18 23:32:00,Keamari,24.843583,66.989847,23,Saturday,mugging,LOW,no,yes,community_report
INC-0465,2026-04-19 08:49:00,Landhi,24.847424,67.36197,8,Sunday,vehicle_theft,MEDIUM,no,no,community_report
INC-1705,2026-04-19 20:19:00,Nagan Chowrangi,24.941184,67.08455,20,Sunday,signal_robbery,HIGH,yes,no,community_report
INC-1048,2026-04-19 20:44:00,Gulshan-e-Iqbal,24.931596,67.132907,20,Sunday,mugging,LOW,no,yes,community_report
INC-0219,2026-04-20 00:09:00,Keamari,24.846403,66.991242,0,Monday,robbery,MEDIUM,no,no,community_report
INC-1077,2026-04-20 14:39:00,Sohrab Goth,24.958803,67.075117,14,Monday,robbery,HIGH,yes,yes,community_report
INC-0999,2026-04-20 21:49:00,Gulshan-e-Iqbal,24.931604,67.136725,21,Monday,signal_robbery,MEDIUM,no,no,community_report
INC-0450,2026-04-21 15:34:00,Landhi,24.848564,67.359094,15,Tuesday,vehicle_theft,HIGH,no,no,community_report
INC-0878,2026-04-21 20:16:00,Hassan Square,24.897174,67.070514,20,Tuesday,phone_snatching,MEDIUM,no,no,community_report
INC-0961,2026-04-21 22:30:00,North Nazimabad,24.949451,67.05397,22,Tuesday,mugging,HIGH,no,no,community_report
INC-1497,2026-04-22 20:51:00,Clifton,24.820418,67.034892,20,Wednesday,phone_snatching,LOW,no,no,community_report
INC-1084,2026-04-23 15:28:00,Sohrab Goth,24.953556,67.078565,15,Thursday,robbery,HIGH,yes,no,community_report
INC-1158,2026-04-23 23:18:00,Superhighway,24.977348,67.149899,23,Thursday,vehicle_theft,HIGH,no,no,community_report
INC-1069,2026-04-24 00:36:00,Sohrab Goth,24.957529,67.07738,0,Friday,robbery,HIGH,yes,yes,community_report
INC-1151,2026-04-24 01:07:00,Superhighway,24.980622,67.147819,1,Friday,robbery,MEDIUM,yes,no,community_report
INC-1434,2026-04-24 18:13:00,PECHS,24.872323,67.080747,18,Friday,mugging,MEDIUM,no,no,community_report
INC-0343,2026-04-24 20:45:00,Baloch Colony,24.866085,67.07389,20,Friday,signal_robbery,HIGH,no,no,community_report
INC-1714,2026-04-24 21:37:00,Nagan Chowrangi,24.94392,67.084355,21,Friday,signal_robbery,HIGH,yes,yes,community_report
INC-1565,2026-04-24 23:57:00,DHA Phase 5,24.811001,67.089083,23,Friday,vehicle_theft,LOW,no,yes,community_report
INC-0586,2026-04-25 11:47:00,SITE Industrial Area,24.927153,66.999829,11,Saturday,mugging,HIGH,no,no,community_report
INC-1577,2026-04-25 13:47:00,DHA Phase 5,24.808823,67.092369,13,Saturday,mugging,LOW,no,no,community_report
INC-1155,2026-04-25 14:46:00,Superhighway,24.982462,67.152201,14,Saturday,carjacking,MEDIUM,no,no,community_report
INC-0208,2026-04-25 15:47:00,Keamari,24.845133,66.988483,15,Saturday,mugging,HIGH,no,yes,community_report
INC-0364,2026-04-25 20:27:00,Liaquatabad,24.905736,67.037377,20,Saturday,mugging,MEDIUM,no,yes,community_report
INC-0445,2026-04-25 22:20:00,Landhi,24.848548,67.357747,22,Saturday,mugging,HIGH,no,no,community_report
INC-1453,2026-04-25 22:38:00,PECHS,24.877079,67.080546,22,Saturday,phone_snatching,LOW,no,no,community_report
INC-1609,2026-04-25 22:59:00,Zamzama,24.827719,67.074582,22,Saturday,mugging,MEDIUM,no,no,community_report
INC-0462,2026-04-26 00:28:00,Landhi,24.851921,67.357175,0,Sunday,mugging,LOW,no,no,community_report
INC-1200,2026-04-26 12:05:00,Garden West,24.880238,67.01853,12,Sunday,mugging,MEDIUM,no,no,community_report
INC-0876,2026-04-26 19:04:00,Hassan Square,24.895144,67.070497,19,Sunday,signal_robbery,MEDIUM,no,yes,community_report
INC-0663,2026-04-26 20:38:00,Malir,24.898411,67.232972,20,Sunday,vehicle_theft,MEDIUM,no,no,community_report
INC-0974,2026-04-26 21:07:00,North Nazimabad,24.950854,67.055857,21,Sunday,phone_snatching,MEDIUM,no,no,community_report
INC-1759,2026-04-26 21:55:00,Soldier Bazaar,24.887632,67.027548,21,Sunday,phone_snatching,LOW,no,no,community_report
INC-1558,2026-04-26 23:13:00,DHA Phase 5,24.807068,67.092206,23,Sunday,mugging,MEDIUM,no,no,community_report
INC-0613,2026-04-26 23:55:00,SITE Industrial Area,24.932506,67.001891,23,Sunday,robbery,LOW,yes,yes,community_report
INC-1691,2026-04-27 21:32:00,Guru Mandir,24.865659,67.014176,21,Monday,mugging,HIGH,no,no,community_report
INC-1047,2026-04-27 21:46:00,Gulshan-e-Iqbal,24.931474,67.137319,21,Monday,phone_snatching,MEDIUM,no,no,community_report
INC-0598,2026-04-27 23:06:00,SITE Industrial Area,24.931556,67.002957,23,Monday,vehicle_theft,MEDIUM,no,no,community_report
INC-0281,2026-04-27 23:38:00,Baloch Colony,24.866728,67.074372,23,Monday,phone_snatching,MEDIUM,no,yes,community_report
INC-1514,2026-04-28 14:19:00,Clifton,24.819649,67.037653,14,Tuesday,phone_snatching,LOW,no,no,community_report
INC-0778,2026-04-28 22:28:00,Teen Talwar,24.827552,67.030757,22,Tuesday,phone_snatching,HIGH,no,yes,community_report
INC-1599,2026-04-28 23:23:00,Zamzama,24.827118,67.074238,23,Tuesday,mugging,MEDIUM,no,yes,community_report
INC-0946,2026-04-29 09:52:00,North Nazimabad,24.952852,67.057913,9,Wednesday,signal_robbery,MEDIUM,yes,no,community_report
INC-1797,2026-04-29 14:36:00,Soldier Bazaar,24.8852,67.02552,14,Wednesday,mugging,MEDIUM,no,no,community_report
INC-1269,2026-04-29 20:01:00,Nazimabad,24.918318,67.037251,20,Wednesday,mugging,HIGH,no,no,community_report
INC-1695,2026-04-29 22:22:00,Nagan Chowrangi,24.943721,67.084338,22,Wednesday,phone_snatching,MEDIUM,no,yes,community_report
INC-0514,2026-04-29 23:53:00,Korangi,24.826667,67.137864,23,Wednesday,mugging,MEDIUM,no,no,community_report
INC-0277,2026-04-30 08:43:00,Baloch Colony,24.864314,67.07798,8,Thursday,phone_snatching,LOW,no,yes,community_report
INC-0205,2026-04-30 12:08:00,Keamari,24.844901,66.99296,12,Thursday,mugging,HIGH,no,no,community_report
INC-0645,2026-04-30 21:03:00,Malir,24.894725,67.227873,21,Thursday,phone_snatching,MEDIUM,no,yes,community_report
INC-1029,2026-04-30 22:06:00,Gulshan-e-Iqbal,24.930102,67.137542,22,Thursday,mugging,MEDIUM,no,yes,community_report
INC-0966,2026-04-30 22:57:00,North Nazimabad,24.947452,67.056324,22,Thursday,mugging,LOW,no,yes,community_report
INC-1845,2026-05-01 00:25:00,Malir Cantonment,24.874139,67.205446,0,Friday,mugging,LOW,no,no,community_report
INC-0568,2026-05-01 13:02:00,Korangi,24.827591,67.141588,13,Friday,robbery,MEDIUM,yes,yes,community_report
INC-0898,2026-05-01 20:46:00,Hassan Square,24.895666,67.072514,20,Friday,signal_robbery,LOW,yes,no,community_report
INC-0901,2026-05-01 20:50:00,Hassan Square,24.898131,67.071218,20,Friday,mugging,MEDIUM,no,no,community_report
INC-0330,2026-05-01 21:16:00,Baloch Colony,24.866989,67.072023,21,Friday,signal_robbery,HIGH,yes,no,community_report
INC-1295,2026-05-01 21:22:00,Nazimabad,24.919677,67.032147,21,Friday,phone_snatching,LOW,no,no,community_report
INC-0687,2026-05-01 21:33:00,Malir,24.898302,67.227496,21,Friday,mugging,LOW,no,yes,community_report
INC-1324,2026-05-01 21:57:00,FB Area,24.953417,67.105549,21,Friday,phone_snatching,MEDIUM,no,no,community_report
INC-0546,2026-05-02 21:15:00,Korangi,24.823826,67.139579,21,Saturday,mugging,HIGH,no,no,community_report
INC-0187,2026-05-03 09:23:00,Orangi Town,24.967287,67.017565,9,Sunday,mugging,HIGH,no,no,community_report
INC-0642,2026-05-04 21:44:00,Malir,24.898845,67.232035,21,Monday,mugging,LOW,no,yes,community_report
INC-0107,2026-05-04 22:12:00,Orangi Town,24.962591,67.019161,22,Monday,phone_snatching,LOW,no,no,community_report
INC-1380,2026-05-04 22:42:00,Gulistan-e-Jauhar,24.912546,67.219688,22,Monday,ride_hailing_incident,MEDIUM,no,no,community_report
INC-1089,2026-05-04 23:44:00,Sohrab Goth,24.954104,67.078942,23,Monday,mugging,MEDIUM,no,no,community_report
INC-0382,2026-05-05 19:52:00,Liaquatabad,24.906622,67.035185,19,Tuesday,phone_snatching,HIGH,no,no,community_report
INC-1807,2026-05-05 20:18:00,Soldier Bazaar,24.884916,67.03004,20,Tuesday,phone_snatching,MEDIUM,no,no,community_report
INC-0489,2026-05-07 00:19:00,Landhi,24.849001,67.358709,0,Thursday,mugging,MEDIUM,no,yes,community_report
INC-0665,2026-05-07 20:10:00,Malir,24.898044,67.232337,20,Thursday,phone_snatching,MEDIUM,no,no,community_report
INC-1111,2026-05-08 21:10:00,Sohrab Goth,24.957267,67.0767,21,Friday,vehicle_theft,HIGH,no,no,community_report
INC-1112,2026-05-08 22:16:00,Sohrab Goth,24.955094,67.077652,22,Friday,robbery,HIGH,yes,no,community_report
INC-1073,2026-05-08 22:25:00,Sohrab Goth,24.955446,67.076902,22,Friday,mugging,HIGH,no,no,community_report
INC-0990,2026-05-08 23:17:00,North Nazimabad,24.947571,67.057252,23,Friday,mugging,LOW,no,yes,community_report
INC-0709,2026-05-09 19:07:00,Saddar,24.861245,67.029387,19,Saturday,mugging,MEDIUM,no,yes,community_report
INC-0264,2026-05-09 22:25:00,Keamari,24.8438,66.992461,22,Saturday,mugging,LOW,no,yes,community_report
INC-0361,2026-05-10 18:17:00,Liaquatabad,24.903765,67.03211,18,Sunday,robbery,HIGH,yes,yes,community_report
INC-0757,2026-05-10 18:28:00,Saddar,24.85907,67.029705,18,Sunday,pickpocketing,HIGH,no,no,community_report
INC-1748,2026-05-10 20:10:00,Nagan Chowrangi,24.941258,67.087698,20,Sunday,phone_snatching,MEDIUM,no,no,community_report
INC-1462,2026-05-10 23:09:00,PECHS,24.874006,67.077264,23,Sunday,phone_snatching,MEDIUM,no,no,community_report
INC-0632,2026-05-11 20:17:00,SITE Industrial Area,24.929768,67.001453,20,Monday,vehicle_theft,MEDIUM,no,no,community_report
INC-0799,2026-05-12 21:41:00,Teen Talwar,24.830216,67.033826,21,Tuesday,signal_robbery,LOW,yes,yes,community_report
INC-1579,2026-05-12 22:25:00,Zamzama,24.826282,67.075113,22,Tuesday,mugging,HIGH,no,no,community_report
INC-1233,2026-05-12 23:26:00,Garden West,24.878025,67.022617,23,Tuesday,mugging,LOW,no,yes,community_report
INC-0094,2026-05-13 01:44:00,Lyari,24.873977,67.010511,1,Wednesday,mugging,HIGH,no,no,community_report
INC-1680,2026-05-14 19:34:00,Guru Mandir,24.870225,67.015921,19,Thursday,mugging,MEDIUM,no,no,community_report
INC-1281,2026-05-14 21:15:00,Nazimabad,24.919483,67.033642,21,Thursday,mugging,HIGH,no,no,community_report
INC-1255,2026-05-14 21:39:00,Garden West,24.88026,67.021173,21,Thursday,mugging,HIGH,no,no,community_report
INC-1419,2026-05-14 22:23:00,Gulistan-e-Jauhar,24.911247,67.222262,22,Thursday,ride_hailing_incident,HIGH,no,no,community_report
INC-1800,2026-05-15 22:20:00,Soldier Bazaar,24.884491,67.026335,22,Friday,robbery,HIGH,yes,yes,community_report
INC-1585,2026-05-15 23:09:00,Zamzama,24.829689,67.072324,23,Friday,mugging,MEDIUM,no,no,community_report
INC-0797,2026-05-15 23:14:00,Teen Talwar,24.830446,67.032402,23,Friday,signal_robbery,MEDIUM,yes,yes,community_report
INC-1222,2026-05-16 21:33:00,Garden West,24.876102,67.021728,21,Saturday,mugging,HIGH,no,no,community_report
INC-1789,2026-05-16 23:24:00,Soldier Bazaar,24.889547,67.03072,23,Saturday,mugging,LOW,no,yes,community_report
INC-1564,2026-05-17 12:12:00,DHA Phase 5,24.80732,67.089598,12,Sunday,mugging,LOW,no,no,community_report
INC-1384,2026-05-17 22:24:00,Gulistan-e-Jauhar,24.908755,67.2225,22,Sunday,phone_snatching,LOW,no,no,community_report
INC-0494,2026-05-17 23:43:00,Landhi,24.849259,67.359167,23,Sunday,mugging,MEDIUM,no,no,community_report
INC-0574,2026-05-18 18:44:00,SITE Industrial Area,24.927632,66.997527,18,Monday,robbery,HIGH,no,yes,community_report
INC-1726,2026-05-18 20:07:00,Nagan Chowrangi,24.941172,67.084935,20,Monday,phone_snatching,HIGH,no,no,community_report
INC-0263,2026-05-18 21:35:00,Keamari,24.844201,66.990209,21,Monday,robbery,MEDIUM,no,no,community_report
INC-1459,2026-05-19 08:29:00,PECHS,24.873379,67.078579,8,Tuesday,phone_snatching,LOW,no,no,community_report
INC-0424,2026-05-19 21:53:00,Liaquatabad,24.906063,67.037764,21,Tuesday,robbery,HIGH,yes,no,community_report
INC-1527,2026-05-20 17:10:00,DHA Phase 1,24.805314,67.059618,17,Wednesday,phone_snatching,MEDIUM,no,no,community_report
INC-0408,2026-05-20 17:29:00,Liaquatabad,24.90394,67.037087,17,Wednesday,phone_snatching,HIGH,no,no,community_report
INC-0393,2026-05-20 20:31:00,Liaquatabad,24.903946,67.032436,20,Wednesday,mugging,MEDIUM,no,no,community_report
INC-0358,2026-05-20 21:01:00,Liaquatabad,24.904132,67.034313,21,Wednesday,mugging,HIGH,no,yes,community_report
INC-0267,2026-05-20 21:20:00,Keamari,24.843628,66.988981,21,Wednesday,vehicle_theft,LOW,no,no,community_report
INC-0284,2026-05-20 23:06:00,Baloch Colony,24.862405,67.072995,23,Wednesday,mugging,HIGH,no,no,community_report
INC-1520,2026-05-20 23:39:00,DHA Phase 1,24.807495,67.061806,23,Wednesday,vehicle_theft,MEDIUM,no,yes,community_report
INC-0964,2026-05-21 21:25:00,North Nazimabad,24.948182,67.055684,21,Thursday,phone_snatching,MEDIUM,no,yes,community_report
INC-1032,2026-05-21 21:47:00,Gulshan-e-Iqbal,24.927682,67.135078,21,Thursday,signal_robbery,MEDIUM,yes,no,community_report
INC-1008,2026-05-22 22:23:00,Gulshan-e-Iqbal,24.928443,67.132172,22,Friday,signal_robbery,LOW,no,yes,community_report
INC-1022,2026-05-22 23:17:00,Gulshan-e-Iqbal,24.92711,67.133279,23,Friday,signal_robbery,LOW,no,yes,community_report
INC-1147,2026-05-23 00:14:00,Superhighway,24.980367,67.151155,0,Saturday,robbery,MEDIUM,no,no,community_report
INC-1707,2026-05-23 21:21:00,Nagan Chowrangi,24.944033,67.082606,21,Saturday,mugging,LOW,no,no,community_report
INC-1836,2026-05-23 22:01:00,Malir Cantonment,24.873885,67.202325,22,Saturday,mugging,HIGH,no,no,community_report
INC-0198,2026-05-24 00:51:00,Keamari,24.846297,66.987601,0,Sunday,robbery,HIGH,no,no,community_report
INC-0334,2026-05-24 21:38:00,Baloch Colony,24.862304,67.076586,21,Sunday,phone_snatching,HIGH,no,no,community_report
INC-1352,2026-05-24 21:53:00,FB Area,24.952868,67.10284,21,Sunday,signal_robbery,MEDIUM,no,no,community_report
INC-1516,2026-05-24 22:30:00,Clifton,24.821013,67.036918,22,Sunday,vehicle_theft,MEDIUM,no,yes,community_report
INC-0051,2026-05-25 01:26:00,Lyari,24.873915,67.012133,1,Monday,mugging,MEDIUM,no,no,community_report
INC-0176,2026-05-25 13:28:00,Orangi Town,24.966664,67.017525,13,Monday,robbery,HIGH,yes,yes,community_report
INC-1212,2026-05-25 19:58:00,Garden West,24.877951,67.019645,19,Monday,mugging,HIGH,no,no,community_report
INC-1853,2026-05-25 22:24:00,Malir Cantonment,24.875254,67.206615,22,Monday,vehicle_theft,LOW,no,no,community_report
INC-0386,2026-05-26 18:42:00,Liaquatabad,24.905734,67.032913,18,Tuesday,mugging,MEDIUM,no,no,community_report
INC-1218,2026-05-26 19:21:00,Garden West,24.877935,67.017288,19,Tuesday,mugging,MEDIUM,no,no,community_report
INC-1166,2026-05-26 22:11:00,Superhighway,24.978084,67.147886,22,Tuesday,robbery,HIGH,no,no,community_report
INC-0723,2026-05-27 12:10:00,Saddar,24.861888,67.02761,12,Wednesday,phone_snatching,HIGH,no,no,community_report
INC-1371,2026-05-27 21:22:00,FB Area,24.955336,67.107762,21,Wednesday,phone_snatching,HIGH,no,no,community_report
INC-0239,2026-05-27 22:37:00,Keamari,24.84492,66.987633,22,Wednesday,robbery,HIGH,no,no,community_report
INC-0199,2026-05-27 23:08:00,Keamari,24.844541,66.988677,23,Wednesday,vehicle_theft,HIGH,no,no,community_report
INC-0033,2026-05-28 20:27:00,Lyari,24.871922,67.011852,20,Thursday,robbery,HIGH,yes,no,community_report
INC-1704,2026-05-28 20:50:00,Nagan Chowrangi,24.942318,67.082919,20,Thursday,phone_snatching,HIGH,no,yes,community_report
INC-0235,2026-05-28 21:41:00,Keamari,24.847677,66.987778,21,Thursday,vehicle_theft,HIGH,no,no,community_report
INC-0531,2026-05-28 22:43:00,Korangi,24.823131,67.138665,22,Thursday,robbery,MEDIUM,yes,no,community_report
INC-1534,2026-05-29 00:52:00,DHA Phase 1,24.806187,67.058768,0,Friday,vehicle_theft,MEDIUM,no,no,community_report
INC-0111,2026-05-29 08:42:00,Orangi Town,24.964983,67.022493,8,Friday,mugging,LOW,no,no,community_report
INC-1140,2026-05-29 22:22:00,Superhighway,24.981429,67.148816,22,Friday,vehicle_theft,MEDIUM,no,yes,community_report
INC-1787,2026-05-29 23:16:00,Soldier Bazaar,24.885958,67.026814,23,Friday,robbery,MEDIUM,no,yes,community_report
INC-0224,2026-05-30 08:11:00,Keamari,24.845298,66.987767,8,Saturday,robbery,MEDIUM,yes,yes,community_report
INC-1156,2026-05-30 09:55:00,Superhighway,24.981142,67.148078,9,Saturday,vehicle_theft,MEDIUM,no,no,community_report
INC-0702,2026-05-30 19:19:00,Malir,24.898875,67.228102,19,Saturday,mugging,LOW,no,yes,community_report
INC-1547,2026-05-31 16:16:00,DHA Phase 1,24.807675,67.061974,16,Sunday,vehicle_theft,HIGH,no,no,community_report
INC-0758,2026-05-31 18:49:00,Saddar,24.863362,67.027554,18,Sunday,phone_snatching,MEDIUM,no,no,community_report
INC-1702,2026-05-31 20:44:00,Nagan Chowrangi,24.943209,67.086545,20,Sunday,phone_snatching,MEDIUM,no,yes,community_report
INC-0979,2026-05-31 21:17:00,North Nazimabad,24.95197,67.054955,21,Sunday,phone_snatching,LOW,no,no,community_report
INC-0754,2026-05-31 22:48:00,Saddar,24.863057,67.026335,22,Sunday,pickpocketing,HIGH,no,no,community_report
INC-1396,2026-05-31 23:36:00,Gulistan-e-Jauhar,24.910463,67.217501,23,Sunday,phone_snatching,LOW,no,yes,community_report
